<?xml version="1.0"?>
<gpx
xmlns:xsi="http://www.w3.org/2001/XMLSchema-instance"
xmlns="http://www.topografix.com/GPX/1/1"
xsi:schemaLocation="http://www.topografix.com/GPX/1/1 http://www.topografix.com/GPX/1/1/gpx.xsd"
version="1.1"
creator="iPhiGéNie-5.0.0 http://xn--iphignie-f1a.com/ cartes IGN sur iOS/Android; Topographic maps on iOS/Android">
<metadata>
	<name><![CDATA[exp_2018-04-23-Ouessant-NordEst.gpx]]></name>
    <author><name><![CDATA[Jacques Tisseau]]></name></author>
	<time>2026-09-18T09:34:08Z</time>
</metadata>
<trk>
  <name><![CDATA[2018-04-23-Ouessant-NordEst]]></name>
  <cmt><![CDATA[23 avr. 2018 à 09:43:42]]></cmt>
  <src>iPhiGéNie, cartes IGN sur iOS/Android; Topographic maps on iOS/Android</src>
  <link href="urn:ipg_trc:dt=1524469422.333351;coul=18446462603027742720;fl=0"></link>
  <type><![CDATA[Ile d'Ouessant]]></type>
  <trkseg>
  <trkpt lat="48.460190" lon="-5.094545">
    <ele>25</ele>
    <time>2018-04-23T07:43:43Z</time>
  </trkpt>
  <trkpt lat="48.460190" lon="-5.094545">
    <ele>25</ele>
    <time>2018-04-23T07:43:44Z</time>
  </trkpt>
  <trkpt lat="48.460145" lon="-5.094575">
    <ele>25</ele>
    <time>2018-04-23T07:43:55Z</time>
  </trkpt>
  <trkpt lat="48.460115" lon="-5.094626">
    <ele>25</ele>
    <time>2018-04-23T07:43:59Z</time>
  </trkpt>
  <trkpt lat="48.460059" lon="-5.094766">
    <ele>25</ele>
    <time>2018-04-23T07:44:08Z</time>
  </trkpt>
  <trkpt lat="48.460100" lon="-5.094741">
    <ele>26</ele>
    <time>2018-04-23T07:44:34Z</time>
  </trkpt>
  <trkpt lat="48.460361" lon="-5.094311">
    <ele>25</ele>
    <time>2018-04-23T07:45:08Z</time>
  </trkpt>
  <trkpt lat="48.460658" lon="-5.094052">
    <ele>24</ele>
    <time>2018-04-23T07:45:36Z</time>
  </trkpt>
  <trkpt lat="48.460837" lon="-5.093951">
    <ele>23</ele>
    <time>2018-04-23T07:45:52Z</time>
  </trkpt>
  <trkpt lat="48.461165" lon="-5.093837">
    <ele>24</ele>
    <time>2018-04-23T07:46:18Z</time>
  </trkpt>
  <trkpt lat="48.461220" lon="-5.093821">
    <ele>24</ele>
    <time>2018-04-23T07:46:23Z</time>
  </trkpt>
  <trkpt lat="48.461263" lon="-5.093867">
    <ele>24</ele>
    <time>2018-04-23T07:46:28Z</time>
  </trkpt>
  <trkpt lat="48.461337" lon="-5.093951">
    <ele>24</ele>
    <time>2018-04-23T07:46:36Z</time>
  </trkpt>
  <trkpt lat="48.461371" lon="-5.094020">
    <ele>25</ele>
    <time>2018-04-23T07:46:41Z</time>
  </trkpt>
  <trkpt lat="48.461393" lon="-5.094083">
    <ele>25</ele>
    <time>2018-04-23T07:46:45Z</time>
  </trkpt>
  <trkpt lat="48.461464" lon="-5.094206">
    <ele>25</ele>
    <time>2018-04-23T07:46:53Z</time>
  </trkpt>
  <trkpt lat="48.461606" lon="-5.094779">
    <ele>25</ele>
    <time>2018-04-23T07:47:27Z</time>
  </trkpt>
  <trkpt lat="48.461632" lon="-5.094933">
    <ele>25</ele>
    <time>2018-04-23T07:47:35Z</time>
  </trkpt>
  <trkpt lat="48.461901" lon="-5.095340">
    <ele>25</ele>
    <time>2018-04-23T07:48:07Z</time>
  </trkpt>
  <trkpt lat="48.461979" lon="-5.095432">
    <ele>24</ele>
    <time>2018-04-23T07:48:15Z</time>
  </trkpt>
  <trkpt lat="48.462021" lon="-5.095471">
    <ele>25</ele>
    <time>2018-04-23T07:48:19Z</time>
  </trkpt>
  <trkpt lat="48.462198" lon="-5.095747">
    <ele>25</ele>
    <time>2018-04-23T07:48:38Z</time>
  </trkpt>
  <trkpt lat="48.462217" lon="-5.095808">
    <ele>25</ele>
    <time>2018-04-23T07:48:41Z</time>
  </trkpt>
  <trkpt lat="48.462289" lon="-5.095926">
    <ele>24</ele>
    <time>2018-04-23T07:48:49Z</time>
  </trkpt>
  <trkpt lat="48.462366" lon="-5.096017">
    <ele>25</ele>
    <time>2018-04-23T07:48:57Z</time>
  </trkpt>
  <trkpt lat="48.462499" lon="-5.096111">
    <ele>25</ele>
    <time>2018-04-23T07:49:09Z</time>
  </trkpt>
  <trkpt lat="48.462540" lon="-5.096145">
    <ele>25</ele>
    <time>2018-04-23T07:49:13Z</time>
  </trkpt>
  <trkpt lat="48.462723" lon="-5.096213">
    <ele>24</ele>
    <time>2018-04-23T07:49:29Z</time>
  </trkpt>
  <trkpt lat="48.462973" lon="-5.096174">
    <ele>24</ele>
    <time>2018-04-23T07:49:49Z</time>
  </trkpt>
  <trkpt lat="48.463141" lon="-5.096195">
    <ele>23</ele>
    <time>2018-04-23T07:50:02Z</time>
  </trkpt>
  <trkpt lat="48.463456" lon="-5.096151">
    <ele>23</ele>
    <time>2018-04-23T07:50:27Z</time>
  </trkpt>
  <trkpt lat="48.463697" lon="-5.096193">
    <ele>23</ele>
    <time>2018-04-23T07:50:47Z</time>
  </trkpt>
  <trkpt lat="48.463890" lon="-5.096190">
    <ele>23</ele>
    <time>2018-04-23T07:51:03Z</time>
  </trkpt>
  <trkpt lat="48.463930" lon="-5.096212">
    <ele>24</ele>
    <time>2018-04-23T07:51:07Z</time>
  </trkpt>
  <trkpt lat="48.464243" lon="-5.096184">
    <ele>24</ele>
    <time>2018-04-23T07:51:30Z</time>
  </trkpt>
  <trkpt lat="48.464287" lon="-5.096207">
    <ele>24</ele>
    <time>2018-04-23T07:51:34Z</time>
  </trkpt>
  <trkpt lat="48.464551" lon="-5.096236">
    <ele>24</ele>
    <time>2018-04-23T07:51:54Z</time>
  </trkpt>
  <trkpt lat="48.464595" lon="-5.096272">
    <ele>24</ele>
    <time>2018-04-23T07:51:58Z</time>
  </trkpt>
  <trkpt lat="48.464633" lon="-5.096328">
    <ele>24</ele>
    <time>2018-04-23T07:52:01Z</time>
  </trkpt>
  <trkpt lat="48.464676" lon="-5.096364">
    <ele>24</ele>
    <time>2018-04-23T07:52:05Z</time>
  </trkpt>
  <trkpt lat="48.464910" lon="-5.096505">
    <ele>24</ele>
    <time>2018-04-23T07:52:24Z</time>
  </trkpt>
  <trkpt lat="48.465146" lon="-5.096765">
    <ele>24</ele>
    <time>2018-04-23T07:52:47Z</time>
  </trkpt>
  <trkpt lat="48.465379" lon="-5.097085">
    <ele>25</ele>
    <time>2018-04-23T07:53:11Z</time>
  </trkpt>
  <trkpt lat="48.465425" lon="-5.097134">
    <ele>25</ele>
    <time>2018-04-23T07:53:15Z</time>
  </trkpt>
  <trkpt lat="48.465517" lon="-5.097143">
    <ele>25</ele>
    <time>2018-04-23T07:53:21Z</time>
  </trkpt>
  <trkpt lat="48.465886" lon="-5.097356">
    <ele>24</ele>
    <time>2018-04-23T07:53:53Z</time>
  </trkpt>
  <trkpt lat="48.465971" lon="-5.097414">
    <ele>24</ele>
    <time>2018-04-23T07:54:01Z</time>
  </trkpt>
  <trkpt lat="48.466069" lon="-5.097401">
    <ele>24</ele>
    <time>2018-04-23T07:54:09Z</time>
  </trkpt>
  <trkpt lat="48.466485" lon="-5.097226">
    <ele>24</ele>
    <time>2018-04-23T07:54:44Z</time>
  </trkpt>
  <trkpt lat="48.466872" lon="-5.096963">
    <ele>24</ele>
    <time>2018-04-23T07:55:18Z</time>
  </trkpt>
  <trkpt lat="48.466921" lon="-5.096940">
    <ele>24</ele>
    <time>2018-04-23T07:55:22Z</time>
  </trkpt>
  <trkpt lat="48.467057" lon="-5.096805">
    <ele>24</ele>
    <time>2018-04-23T07:55:34Z</time>
  </trkpt>
  <trkpt lat="48.467341" lon="-5.096634">
    <ele>24</ele>
    <time>2018-04-23T07:55:57Z</time>
  </trkpt>
  <trkpt lat="48.467379" lon="-5.096588">
    <ele>24</ele>
    <time>2018-04-23T07:56:01Z</time>
  </trkpt>
  <trkpt lat="48.467476" lon="-5.096538">
    <ele>24</ele>
    <time>2018-04-23T07:56:09Z</time>
  </trkpt>
  <trkpt lat="48.467603" lon="-5.096432">
    <ele>24</ele>
    <time>2018-04-23T07:56:21Z</time>
  </trkpt>
  <trkpt lat="48.467855" lon="-5.096272">
    <ele>24</ele>
    <time>2018-04-23T07:56:43Z</time>
  </trkpt>
  <trkpt lat="48.468213" lon="-5.095923">
    <ele>26</ele>
    <time>2018-04-23T07:57:17Z</time>
  </trkpt>
  <trkpt lat="48.468542" lon="-5.095612">
    <ele>26</ele>
    <time>2018-04-23T07:57:48Z</time>
  </trkpt>
  <trkpt lat="48.468722" lon="-5.095509">
    <ele>26</ele>
    <time>2018-04-23T07:58:03Z</time>
  </trkpt>
  <trkpt lat="48.469087" lon="-5.095541">
    <ele>25</ele>
    <time>2018-04-23T07:58:29Z</time>
  </trkpt>
  <trkpt lat="48.469131" lon="-5.095576">
    <ele>25</ele>
    <time>2018-04-23T07:58:33Z</time>
  </trkpt>
  <trkpt lat="48.469373" lon="-5.095617">
    <ele>24</ele>
    <time>2018-04-23T07:58:53Z</time>
  </trkpt>
  <trkpt lat="48.469463" lon="-5.095664">
    <ele>23</ele>
    <time>2018-04-23T07:59:01Z</time>
  </trkpt>
  <trkpt lat="48.469670" lon="-5.095713">
    <ele>22</ele>
    <time>2018-04-23T07:59:17Z</time>
  </trkpt>
  <trkpt lat="48.469826" lon="-5.095798">
    <ele>22</ele>
    <time>2018-04-23T07:59:29Z</time>
  </trkpt>
  <trkpt lat="48.469975" lon="-5.095890">
    <ele>21</ele>
    <time>2018-04-23T07:59:41Z</time>
  </trkpt>
  <trkpt lat="48.470126" lon="-5.095919">
    <ele>20</ele>
    <time>2018-04-23T07:59:54Z</time>
  </trkpt>
  <trkpt lat="48.470171" lon="-5.095937">
    <ele>20</ele>
    <time>2018-04-23T07:59:58Z</time>
  </trkpt>
  <trkpt lat="48.470592" lon="-5.095950">
    <ele>19</ele>
    <time>2018-04-23T08:00:31Z</time>
  </trkpt>
  <trkpt lat="48.470852" lon="-5.095968">
    <ele>18</ele>
    <time>2018-04-23T08:00:51Z</time>
  </trkpt>
  <trkpt lat="48.471110" lon="-5.095956">
    <ele>17</ele>
    <time>2018-04-23T08:01:13Z</time>
  </trkpt>
  <trkpt lat="48.471226" lon="-5.095969">
    <ele>18</ele>
    <time>2018-04-23T08:01:39Z</time>
  </trkpt>
  <trkpt lat="48.471533" lon="-5.095913">
    <ele>16</ele>
    <time>2018-04-23T08:02:03Z</time>
  </trkpt>
  <trkpt lat="48.471705" lon="-5.095780">
    <ele>15</ele>
    <time>2018-04-23T08:02:19Z</time>
  </trkpt>
  <trkpt lat="48.471848" lon="-5.095502">
    <ele>14</ele>
    <time>2018-04-23T08:02:39Z</time>
  </trkpt>
  <trkpt lat="48.471923" lon="-5.095141">
    <ele>14</ele>
    <time>2018-04-23T08:03:01Z</time>
  </trkpt>
  <trkpt lat="48.471957" lon="-5.095090">
    <ele>14</ele>
    <time>2018-04-23T08:03:05Z</time>
  </trkpt>
  <trkpt lat="48.472002" lon="-5.095052">
    <ele>14</ele>
    <time>2018-04-23T08:03:09Z</time>
  </trkpt>
  <trkpt lat="48.472058" lon="-5.095047">
    <ele>14</ele>
    <time>2018-04-23T08:03:14Z</time>
  </trkpt>
  <trkpt lat="48.472108" lon="-5.095048">
    <ele>14</ele>
    <time>2018-04-23T08:03:18Z</time>
  </trkpt>
  <trkpt lat="48.472310" lon="-5.095017">
    <ele>14</ele>
    <time>2018-04-23T08:03:34Z</time>
  </trkpt>
  <trkpt lat="48.472353" lon="-5.094994">
    <ele>14</ele>
    <time>2018-04-23T08:03:38Z</time>
  </trkpt>
  <trkpt lat="48.472401" lon="-5.094933">
    <ele>13</ele>
    <time>2018-04-23T08:03:44Z</time>
  </trkpt>
  <trkpt lat="48.472428" lon="-5.094876">
    <ele>13</ele>
    <time>2018-04-23T08:03:48Z</time>
  </trkpt>
  <trkpt lat="48.472437" lon="-5.094806">
    <ele>13</ele>
    <time>2018-04-23T08:03:52Z</time>
  </trkpt>
  <trkpt lat="48.472447" lon="-5.094737">
    <ele>13</ele>
    <time>2018-04-23T08:03:56Z</time>
  </trkpt>
  <trkpt lat="48.472495" lon="-5.094598">
    <ele>12</ele>
    <time>2018-04-23T08:04:04Z</time>
  </trkpt>
  <trkpt lat="48.472589" lon="-5.094431">
    <ele>11</ele>
    <time>2018-04-23T08:04:16Z</time>
  </trkpt>
  <trkpt lat="48.472616" lon="-5.094354">
    <ele>11</ele>
    <time>2018-04-23T08:04:21Z</time>
  </trkpt>
  <trkpt lat="48.472825" lon="-5.094107">
    <ele>13</ele>
    <time>2018-04-23T08:04:42Z</time>
  </trkpt>
  <trkpt lat="48.473069" lon="-5.093970">
    <ele>14</ele>
    <time>2018-04-23T08:05:03Z</time>
  </trkpt>
  <trkpt lat="48.473174" lon="-5.093976">
    <ele>14</ele>
    <time>2018-04-23T08:05:11Z</time>
  </trkpt>
  <trkpt lat="48.473532" lon="-5.094140">
    <ele>13</ele>
    <time>2018-04-23T08:05:41Z</time>
  </trkpt>
  <trkpt lat="48.473672" lon="-5.094192">
    <ele>12</ele>
    <time>2018-04-23T08:05:53Z</time>
  </trkpt>
  <trkpt lat="48.473715" lon="-5.094231">
    <ele>12</ele>
    <time>2018-04-23T08:05:57Z</time>
  </trkpt>
  <trkpt lat="48.473758" lon="-5.094250">
    <ele>12</ele>
    <time>2018-04-23T08:06:01Z</time>
  </trkpt>
  <trkpt lat="48.473912" lon="-5.094295">
    <ele>11</ele>
    <time>2018-04-23T08:06:13Z</time>
  </trkpt>
  <trkpt lat="48.474020" lon="-5.094315">
    <ele>12</ele>
    <time>2018-04-23T08:06:21Z</time>
  </trkpt>
  <trkpt lat="48.474076" lon="-5.094322">
    <ele>11</ele>
    <time>2018-04-23T08:06:25Z</time>
  </trkpt>
  <trkpt lat="48.474125" lon="-5.094347">
    <ele>11</ele>
    <time>2018-04-23T08:06:29Z</time>
  </trkpt>
  <trkpt lat="48.474167" lon="-5.094373">
    <ele>11</ele>
    <time>2018-04-23T08:06:33Z</time>
  </trkpt>
  <trkpt lat="48.474215" lon="-5.094389">
    <ele>11</ele>
    <time>2018-04-23T08:06:37Z</time>
  </trkpt>
  <trkpt lat="48.474260" lon="-5.094406">
    <ele>11</ele>
    <time>2018-04-23T08:06:41Z</time>
  </trkpt>
  <trkpt lat="48.474602" lon="-5.094551">
    <ele>15</ele>
    <time>2018-04-23T08:07:14Z</time>
  </trkpt>
  <trkpt lat="48.474685" lon="-5.094586">
    <ele>17</ele>
    <time>2018-04-23T08:07:23Z</time>
  </trkpt>
  <trkpt lat="48.474785" lon="-5.094593">
    <ele>18</ele>
    <time>2018-04-23T08:07:36Z</time>
  </trkpt>
  <trkpt lat="48.474767" lon="-5.094454">
    <ele>16</ele>
    <time>2018-04-23T08:09:30Z</time>
  </trkpt>
  <trkpt lat="48.474745" lon="-5.094311">
    <ele>14</ele>
    <time>2018-04-23T08:09:39Z</time>
  </trkpt>
  <trkpt lat="48.474856" lon="-5.093966">
    <ele>12</ele>
    <time>2018-04-23T08:10:00Z</time>
  </trkpt>
  <trkpt lat="48.474905" lon="-5.093842">
    <ele>12</ele>
    <time>2018-04-23T08:10:08Z</time>
  </trkpt>
  <trkpt lat="48.474920" lon="-5.093773">
    <ele>11</ele>
    <time>2018-04-23T08:10:12Z</time>
  </trkpt>
  <trkpt lat="48.474996" lon="-5.093559">
    <ele>11</ele>
    <time>2018-04-23T08:10:24Z</time>
  </trkpt>
  <trkpt lat="48.475085" lon="-5.093186">
    <ele>10</ele>
    <time>2018-04-23T08:10:48Z</time>
  </trkpt>
  <trkpt lat="48.475137" lon="-5.093063">
    <ele>10</ele>
    <time>2018-04-23T08:10:56Z</time>
  </trkpt>
  <trkpt lat="48.475184" lon="-5.092940">
    <ele>9</ele>
    <time>2018-04-23T08:11:04Z</time>
  </trkpt>
  <trkpt lat="48.475375" lon="-5.092607">
    <ele>9</ele>
    <time>2018-04-23T08:11:29Z</time>
  </trkpt>
  <trkpt lat="48.475395" lon="-5.092545">
    <ele>9</ele>
    <time>2018-04-23T08:11:33Z</time>
  </trkpt>
  <trkpt lat="48.475417" lon="-5.092411">
    <ele>9</ele>
    <time>2018-04-23T08:11:41Z</time>
  </trkpt>
  <trkpt lat="48.475474" lon="-5.092281">
    <ele>9</ele>
    <time>2018-04-23T08:11:50Z</time>
  </trkpt>
  <trkpt lat="48.475561" lon="-5.092102">
    <ele>9</ele>
    <time>2018-04-23T08:12:02Z</time>
  </trkpt>
  <trkpt lat="48.475583" lon="-5.092024">
    <ele>9</ele>
    <time>2018-04-23T08:12:07Z</time>
  </trkpt>
  <trkpt lat="48.475599" lon="-5.091950">
    <ele>9</ele>
    <time>2018-04-23T08:12:12Z</time>
  </trkpt>
  <trkpt lat="48.475621" lon="-5.091883">
    <ele>9</ele>
    <time>2018-04-23T08:12:16Z</time>
  </trkpt>
  <trkpt lat="48.475802" lon="-5.091439">
    <ele>9</ele>
    <time>2018-04-23T08:12:45Z</time>
  </trkpt>
  <trkpt lat="48.475823" lon="-5.091362">
    <ele>9</ele>
    <time>2018-04-23T08:12:50Z</time>
  </trkpt>
  <trkpt lat="48.475857" lon="-5.091299">
    <ele>9</ele>
    <time>2018-04-23T08:12:55Z</time>
  </trkpt>
  <trkpt lat="48.475898" lon="-5.091253">
    <ele>9</ele>
    <time>2018-04-23T08:12:59Z</time>
  </trkpt>
  <trkpt lat="48.475903" lon="-5.091155">
    <ele>10</ele>
    <time>2018-04-23T08:13:06Z</time>
  </trkpt>
  <trkpt lat="48.475897" lon="-5.091076">
    <ele>11</ele>
    <time>2018-04-23T08:13:14Z</time>
  </trkpt>
  <trkpt lat="48.475924" lon="-5.091012">
    <ele>11</ele>
    <time>2018-04-23T08:13:19Z</time>
  </trkpt>
  <trkpt lat="48.475874" lon="-5.091018">
    <ele>11</ele>
    <time>2018-04-23T08:13:28Z</time>
  </trkpt>
  <trkpt lat="48.476022" lon="-5.091172">
    <ele>11</ele>
    <time>2018-04-23T08:14:07Z</time>
  </trkpt>
  <trkpt lat="48.475904" lon="-5.091096">
    <ele>11</ele>
    <time>2018-04-23T08:14:13Z</time>
  </trkpt>
  <trkpt lat="48.475861" lon="-5.091113">
    <ele>11</ele>
    <time>2018-04-23T08:14:18Z</time>
  </trkpt>
  <trkpt lat="48.475791" lon="-5.091081">
    <ele>11</ele>
    <time>2018-04-23T08:14:25Z</time>
  </trkpt>
  <trkpt lat="48.475749" lon="-5.091063">
    <ele>10</ele>
    <time>2018-04-23T08:14:30Z</time>
  </trkpt>
  <trkpt lat="48.475590" lon="-5.091109">
    <ele>7</ele>
    <time>2018-04-23T08:14:46Z</time>
  </trkpt>
  <trkpt lat="48.475533" lon="-5.091105">
    <ele>7</ele>
    <time>2018-04-23T08:14:54Z</time>
  </trkpt>
  <trkpt lat="48.475522" lon="-5.091190">
    <ele>8</ele>
    <time>2018-04-23T08:15:29Z</time>
  </trkpt>
  <trkpt lat="48.475496" lon="-5.091266">
    <ele>8</ele>
    <time>2018-04-23T08:15:34Z</time>
  </trkpt>
  <trkpt lat="48.475448" lon="-5.091417">
    <ele>7</ele>
    <time>2018-04-23T08:15:42Z</time>
  </trkpt>
  <trkpt lat="48.475447" lon="-5.091487">
    <ele>7</ele>
    <time>2018-04-23T08:15:46Z</time>
  </trkpt>
  <trkpt lat="48.475417" lon="-5.091537">
    <ele>6</ele>
    <time>2018-04-23T08:15:51Z</time>
  </trkpt>
  <trkpt lat="48.475349" lon="-5.091639">
    <ele>7</ele>
    <time>2018-04-23T08:16:02Z</time>
  </trkpt>
  <trkpt lat="48.475355" lon="-5.091718">
    <ele>8</ele>
    <time>2018-04-23T08:16:08Z</time>
  </trkpt>
  <trkpt lat="48.475378" lon="-5.091814">
    <ele>8</ele>
    <time>2018-04-23T08:16:17Z</time>
  </trkpt>
  <trkpt lat="48.475344" lon="-5.091858">
    <ele>8</ele>
    <time>2018-04-23T08:16:35Z</time>
  </trkpt>
  <trkpt lat="48.475289" lon="-5.091850">
    <ele>8</ele>
    <time>2018-04-23T08:16:46Z</time>
  </trkpt>
  <trkpt lat="48.475183" lon="-5.091878">
    <ele>7</ele>
    <time>2018-04-23T08:16:55Z</time>
  </trkpt>
  <trkpt lat="48.475088" lon="-5.091935">
    <ele>7</ele>
    <time>2018-04-23T08:17:03Z</time>
  </trkpt>
  <trkpt lat="48.475042" lon="-5.091942">
    <ele>7</ele>
    <time>2018-04-23T08:17:07Z</time>
  </trkpt>
  <trkpt lat="48.474992" lon="-5.091970">
    <ele>7</ele>
    <time>2018-04-23T08:17:12Z</time>
  </trkpt>
  <trkpt lat="48.474906" lon="-5.092055">
    <ele>8</ele>
    <time>2018-04-23T08:17:21Z</time>
  </trkpt>
  <trkpt lat="48.474859" lon="-5.092070">
    <ele>8</ele>
    <time>2018-04-23T08:17:25Z</time>
  </trkpt>
  <trkpt lat="48.474749" lon="-5.092082">
    <ele>8</ele>
    <time>2018-04-23T08:17:33Z</time>
  </trkpt>
  <trkpt lat="48.474696" lon="-5.092103">
    <ele>8</ele>
    <time>2018-04-23T08:17:38Z</time>
  </trkpt>
  <trkpt lat="48.474613" lon="-5.092200">
    <ele>9</ele>
    <time>2018-04-23T08:17:48Z</time>
  </trkpt>
  <trkpt lat="48.474565" lon="-5.092229">
    <ele>9</ele>
    <time>2018-04-23T08:17:53Z</time>
  </trkpt>
  <trkpt lat="48.474470" lon="-5.092238">
    <ele>10</ele>
    <time>2018-04-23T08:18:01Z</time>
  </trkpt>
  <trkpt lat="48.474320" lon="-5.092312">
    <ele>11</ele>
    <time>2018-04-23T08:18:14Z</time>
  </trkpt>
  <trkpt lat="48.474268" lon="-5.092305">
    <ele>11</ele>
    <time>2018-04-23T08:18:19Z</time>
  </trkpt>
  <trkpt lat="48.474219" lon="-5.092321">
    <ele>11</ele>
    <time>2018-04-23T08:18:24Z</time>
  </trkpt>
  <trkpt lat="48.474147" lon="-5.092271">
    <ele>12</ele>
    <time>2018-04-23T08:18:39Z</time>
  </trkpt>
  <trkpt lat="48.474133" lon="-5.092200">
    <ele>11</ele>
    <time>2018-04-23T08:18:44Z</time>
  </trkpt>
  <trkpt lat="48.474109" lon="-5.092128">
    <ele>11</ele>
    <time>2018-04-23T08:18:49Z</time>
  </trkpt>
  <trkpt lat="48.474087" lon="-5.092056">
    <ele>11</ele>
    <time>2018-04-23T08:18:54Z</time>
  </trkpt>
  <trkpt lat="48.474057" lon="-5.091739">
    <ele>11</ele>
    <time>2018-04-23T08:19:12Z</time>
  </trkpt>
  <trkpt lat="48.474032" lon="-5.091594">
    <ele>11</ele>
    <time>2018-04-23T08:19:20Z</time>
  </trkpt>
  <trkpt lat="48.474023" lon="-5.091425">
    <ele>11</ele>
    <time>2018-04-23T08:19:30Z</time>
  </trkpt>
  <trkpt lat="48.473998" lon="-5.091345">
    <ele>11</ele>
    <time>2018-04-23T08:19:40Z</time>
  </trkpt>
  <trkpt lat="48.474036" lon="-5.091290">
    <ele>10</ele>
    <time>2018-04-23T08:19:45Z</time>
  </trkpt>
  <trkpt lat="48.474119" lon="-5.091115">
    <ele>9</ele>
    <time>2018-04-23T08:19:58Z</time>
  </trkpt>
  <trkpt lat="48.474153" lon="-5.091059">
    <ele>8</ele>
    <time>2018-04-23T08:20:03Z</time>
  </trkpt>
  <trkpt lat="48.474196" lon="-5.091021">
    <ele>8</ele>
    <time>2018-04-23T08:20:08Z</time>
  </trkpt>
  <trkpt lat="48.474230" lon="-5.090940">
    <ele>6</ele>
    <time>2018-04-23T08:20:16Z</time>
  </trkpt>
  <trkpt lat="48.474207" lon="-5.090764">
    <ele>3</ele>
    <time>2018-04-23T08:20:54Z</time>
  </trkpt>
  <trkpt lat="48.474208" lon="-5.090696">
    <ele>3</ele>
    <time>2018-04-23T08:20:59Z</time>
  </trkpt>
  <trkpt lat="48.474228" lon="-5.090588">
    <ele>4</ele>
    <time>2018-04-23T08:21:13Z</time>
  </trkpt>
  <trkpt lat="48.474310" lon="-5.090444">
    <ele>5</ele>
    <time>2018-04-23T08:21:26Z</time>
  </trkpt>
  <trkpt lat="48.474364" lon="-5.090432">
    <ele>6</ele>
    <time>2018-04-23T08:21:34Z</time>
  </trkpt>
  <trkpt lat="48.474350" lon="-5.090500">
    <ele>7</ele>
    <time>2018-04-23T08:24:22Z</time>
  </trkpt>
  <trkpt lat="48.474306" lon="-5.090583">
    <ele>5</ele>
    <time>2018-04-23T08:24:34Z</time>
  </trkpt>
  <trkpt lat="48.474257" lon="-5.090605">
    <ele>5</ele>
    <time>2018-04-23T08:24:39Z</time>
  </trkpt>
  <trkpt lat="48.474225" lon="-5.090656">
    <ele>5</ele>
    <time>2018-04-23T08:24:47Z</time>
  </trkpt>
  <trkpt lat="48.474212" lon="-5.090741">
    <ele>3</ele>
    <time>2018-04-23T08:24:58Z</time>
  </trkpt>
  <trkpt lat="48.474216" lon="-5.090811">
    <ele>2</ele>
    <time>2018-04-23T08:25:03Z</time>
  </trkpt>
  <trkpt lat="48.474214" lon="-5.090917">
    <ele>5</ele>
    <time>2018-04-23T08:25:23Z</time>
  </trkpt>
  <trkpt lat="48.474087" lon="-5.091248">
    <ele>10</ele>
    <time>2018-04-23T08:25:57Z</time>
  </trkpt>
  <trkpt lat="48.474060" lon="-5.091339">
    <ele>10</ele>
    <time>2018-04-23T08:26:05Z</time>
  </trkpt>
  <trkpt lat="48.473984" lon="-5.091345">
    <ele>11</ele>
    <time>2018-04-23T08:26:18Z</time>
  </trkpt>
  <trkpt lat="48.473954" lon="-5.091245">
    <ele>12</ele>
    <time>2018-04-23T08:26:27Z</time>
  </trkpt>
  <trkpt lat="48.473923" lon="-5.091127">
    <ele>12</ele>
    <time>2018-04-23T08:26:48Z</time>
  </trkpt>
  <trkpt lat="48.473770" lon="-5.091029">
    <ele>12</ele>
    <time>2018-04-23T08:27:04Z</time>
  </trkpt>
  <trkpt lat="48.473650" lon="-5.090854">
    <ele>13</ele>
    <time>2018-04-23T08:27:21Z</time>
  </trkpt>
  <trkpt lat="48.473598" lon="-5.090858">
    <ele>13</ele>
    <time>2018-04-23T08:27:26Z</time>
  </trkpt>
  <trkpt lat="48.473553" lon="-5.090878">
    <ele>13</ele>
    <time>2018-04-23T08:27:30Z</time>
  </trkpt>
  <trkpt lat="48.473509" lon="-5.090918">
    <ele>13</ele>
    <time>2018-04-23T08:27:34Z</time>
  </trkpt>
  <trkpt lat="48.473458" lon="-5.090938">
    <ele>13</ele>
    <time>2018-04-23T08:27:39Z</time>
  </trkpt>
  <trkpt lat="48.473378" lon="-5.091022">
    <ele>12</ele>
    <time>2018-04-23T08:27:49Z</time>
  </trkpt>
  <trkpt lat="48.473312" lon="-5.091130">
    <ele>11</ele>
    <time>2018-04-23T08:27:59Z</time>
  </trkpt>
  <trkpt lat="48.473255" lon="-5.091105">
    <ele>10</ele>
    <time>2018-04-23T08:28:06Z</time>
  </trkpt>
  <trkpt lat="48.473191" lon="-5.090997">
    <ele>8</ele>
    <time>2018-04-23T08:28:19Z</time>
  </trkpt>
  <trkpt lat="48.473192" lon="-5.091067">
    <ele>8</ele>
    <time>2018-04-23T08:28:43Z</time>
  </trkpt>
  <trkpt lat="48.473196" lon="-5.090851">
    <ele>9</ele>
    <time>2018-04-23T08:29:14Z</time>
  </trkpt>
  <trkpt lat="48.473160" lon="-5.090646">
    <ele>11</ele>
    <time>2018-04-23T08:29:29Z</time>
  </trkpt>
  <trkpt lat="48.473128" lon="-5.090394">
    <ele>12</ele>
    <time>2018-04-23T08:29:47Z</time>
  </trkpt>
  <trkpt lat="48.473094" lon="-5.090244">
    <ele>12</ele>
    <time>2018-04-23T08:29:56Z</time>
  </trkpt>
  <trkpt lat="48.473089" lon="-5.090162">
    <ele>13</ele>
    <time>2018-04-23T08:30:01Z</time>
  </trkpt>
  <trkpt lat="48.473033" lon="-5.089838">
    <ele>13</ele>
    <time>2018-04-23T08:30:22Z</time>
  </trkpt>
  <trkpt lat="48.473000" lon="-5.089746">
    <ele>13</ele>
    <time>2018-04-23T08:30:29Z</time>
  </trkpt>
  <trkpt lat="48.472961" lon="-5.089691">
    <ele>13</ele>
    <time>2018-04-23T08:30:34Z</time>
  </trkpt>
  <trkpt lat="48.472941" lon="-5.089629">
    <ele>13</ele>
    <time>2018-04-23T08:30:39Z</time>
  </trkpt>
  <trkpt lat="48.472935" lon="-5.089555">
    <ele>13</ele>
    <time>2018-04-23T08:30:44Z</time>
  </trkpt>
  <trkpt lat="48.472912" lon="-5.089492">
    <ele>13</ele>
    <time>2018-04-23T08:30:48Z</time>
  </trkpt>
  <trkpt lat="48.472698" lon="-5.089178">
    <ele>13</ele>
    <time>2018-04-23T08:31:13Z</time>
  </trkpt>
  <trkpt lat="48.472660" lon="-5.089151">
    <ele>13</ele>
    <time>2018-04-23T08:31:17Z</time>
  </trkpt>
  <trkpt lat="48.472636" lon="-5.089072">
    <ele>12</ele>
    <time>2018-04-23T08:31:25Z</time>
  </trkpt>
  <trkpt lat="48.472583" lon="-5.088990">
    <ele>10</ele>
    <time>2018-04-23T08:31:37Z</time>
  </trkpt>
  <trkpt lat="48.472512" lon="-5.088869">
    <ele>8</ele>
    <time>2018-04-23T08:31:49Z</time>
  </trkpt>
  <trkpt lat="48.472467" lon="-5.088789">
    <ele>7</ele>
    <time>2018-04-23T08:31:58Z</time>
  </trkpt>
  <trkpt lat="48.472491" lon="-5.088673">
    <ele>8</ele>
    <time>2018-04-23T08:32:10Z</time>
  </trkpt>
  <trkpt lat="48.472413" lon="-5.088542">
    <ele>13</ele>
    <time>2018-04-23T08:32:35Z</time>
  </trkpt>
  <trkpt lat="48.472355" lon="-5.088134">
    <ele>15</ele>
    <time>2018-04-23T08:33:02Z</time>
  </trkpt>
  <trkpt lat="48.472404" lon="-5.087932">
    <ele>16</ele>
    <time>2018-04-23T08:33:19Z</time>
  </trkpt>
  <trkpt lat="48.472502" lon="-5.087767">
    <ele>16</ele>
    <time>2018-04-23T08:33:33Z</time>
  </trkpt>
  <trkpt lat="48.472520" lon="-5.087699">
    <ele>16</ele>
    <time>2018-04-23T08:33:37Z</time>
  </trkpt>
  <trkpt lat="48.472616" lon="-5.087428">
    <ele>17</ele>
    <time>2018-04-23T08:33:59Z</time>
  </trkpt>
  <trkpt lat="48.472648" lon="-5.087169">
    <ele>18</ele>
    <time>2018-04-23T08:34:19Z</time>
  </trkpt>
  <trkpt lat="48.472648" lon="-5.087091">
    <ele>18</ele>
    <time>2018-04-23T08:34:24Z</time>
  </trkpt>
  <trkpt lat="48.472717" lon="-5.086743">
    <ele>18</ele>
    <time>2018-04-23T08:34:48Z</time>
  </trkpt>
  <trkpt lat="48.472710" lon="-5.086671">
    <ele>18</ele>
    <time>2018-04-23T08:34:53Z</time>
  </trkpt>
  <trkpt lat="48.472696" lon="-5.086597">
    <ele>18</ele>
    <time>2018-04-23T08:34:58Z</time>
  </trkpt>
  <trkpt lat="48.472696" lon="-5.086528">
    <ele>18</ele>
    <time>2018-04-23T08:35:02Z</time>
  </trkpt>
  <trkpt lat="48.472685" lon="-5.086452">
    <ele>18</ele>
    <time>2018-04-23T08:35:07Z</time>
  </trkpt>
  <trkpt lat="48.472662" lon="-5.086222">
    <ele>18</ele>
    <time>2018-04-23T08:35:21Z</time>
  </trkpt>
  <trkpt lat="48.472682" lon="-5.086049">
    <ele>17</ele>
    <time>2018-04-23T08:35:33Z</time>
  </trkpt>
  <trkpt lat="48.472686" lon="-5.085968">
    <ele>18</ele>
    <time>2018-04-23T08:35:44Z</time>
  </trkpt>
  <trkpt lat="48.472714" lon="-5.085893">
    <ele>18</ele>
    <time>2018-04-23T08:36:50Z</time>
  </trkpt>
  <trkpt lat="48.472700" lon="-5.085724">
    <ele>18</ele>
    <time>2018-04-23T08:37:00Z</time>
  </trkpt>
  <trkpt lat="48.472531" lon="-5.085366">
    <ele>17</ele>
    <time>2018-04-23T08:37:26Z</time>
  </trkpt>
  <trkpt lat="48.472527" lon="-5.085289">
    <ele>18</ele>
    <time>2018-04-23T08:37:31Z</time>
  </trkpt>
  <trkpt lat="48.472503" lon="-5.085227">
    <ele>18</ele>
    <time>2018-04-23T08:37:35Z</time>
  </trkpt>
  <trkpt lat="48.472465" lon="-5.085167">
    <ele>18</ele>
    <time>2018-04-23T08:37:40Z</time>
  </trkpt>
  <trkpt lat="48.472464" lon="-5.085098">
    <ele>18</ele>
    <time>2018-04-23T08:37:51Z</time>
  </trkpt>
  </trkseg>
  <trkseg>
  <trkpt lat="48.472936" lon="-5.081220">
    <ele>19</ele>
    <time>2018-04-23T08:47:46Z</time>
  </trkpt>
  <trkpt lat="48.472936" lon="-5.081220">
    <ele>19</ele>
    <time>2018-04-23T08:47:46Z</time>
  </trkpt>
  <trkpt lat="48.472976" lon="-5.081181">
    <ele>19</ele>
    <time>2018-04-23T08:47:52Z</time>
  </trkpt>
  <trkpt lat="48.473033" lon="-5.081059">
    <ele>19</ele>
    <time>2018-04-23T08:48:01Z</time>
  </trkpt>
  <trkpt lat="48.473053" lon="-5.080993">
    <ele>20</ele>
    <time>2018-04-23T08:48:05Z</time>
  </trkpt>
  <trkpt lat="48.473089" lon="-5.080526">
    <ele>18</ele>
    <time>2018-04-23T08:48:33Z</time>
  </trkpt>
  <trkpt lat="48.473083" lon="-5.080445">
    <ele>18</ele>
    <time>2018-04-23T08:48:38Z</time>
  </trkpt>
  <trkpt lat="48.473005" lon="-5.080192">
    <ele>18</ele>
    <time>2018-04-23T08:48:54Z</time>
  </trkpt>
  <trkpt lat="48.472996" lon="-5.080114">
    <ele>18</ele>
    <time>2018-04-23T08:48:58Z</time>
  </trkpt>
  <trkpt lat="48.472992" lon="-5.080039">
    <ele>19</ele>
    <time>2018-04-23T08:49:02Z</time>
  </trkpt>
  <trkpt lat="48.473011" lon="-5.079970">
    <ele>18</ele>
    <time>2018-04-23T08:49:06Z</time>
  </trkpt>
  <trkpt lat="48.473043" lon="-5.079917">
    <ele>19</ele>
    <time>2018-04-23T08:49:10Z</time>
  </trkpt>
  <trkpt lat="48.473091" lon="-5.079870">
    <ele>19</ele>
    <time>2018-04-23T08:49:15Z</time>
  </trkpt>
  <trkpt lat="48.473138" lon="-5.079846">
    <ele>19</ele>
    <time>2018-04-23T08:49:20Z</time>
  </trkpt>
  <trkpt lat="48.473178" lon="-5.079821">
    <ele>19</ele>
    <time>2018-04-23T08:49:24Z</time>
  </trkpt>
  <trkpt lat="48.473254" lon="-5.079719">
    <ele>20</ele>
    <time>2018-04-23T08:49:34Z</time>
  </trkpt>
  <trkpt lat="48.473303" lon="-5.079580">
    <ele>20</ele>
    <time>2018-04-23T08:49:43Z</time>
  </trkpt>
  <trkpt lat="48.473351" lon="-5.079373">
    <ele>21</ele>
    <time>2018-04-23T08:49:55Z</time>
  </trkpt>
  <trkpt lat="48.473405" lon="-5.079249">
    <ele>21</ele>
    <time>2018-04-23T08:50:03Z</time>
  </trkpt>
  <trkpt lat="48.473470" lon="-5.079042">
    <ele>20</ele>
    <time>2018-04-23T08:50:15Z</time>
  </trkpt>
  <trkpt lat="48.473536" lon="-5.078839">
    <ele>20</ele>
    <time>2018-04-23T08:50:28Z</time>
  </trkpt>
  <trkpt lat="48.473604" lon="-5.078373">
    <ele>20</ele>
    <time>2018-04-23T08:50:56Z</time>
  </trkpt>
  <trkpt lat="48.473635" lon="-5.078302">
    <ele>19</ele>
    <time>2018-04-23T08:51:06Z</time>
  </trkpt>
  <trkpt lat="48.473683" lon="-5.078203">
    <ele>18</ele>
    <time>2018-04-23T08:51:23Z</time>
  </trkpt>
  <trkpt lat="48.473705" lon="-5.078121">
    <ele>19</ele>
    <time>2018-04-23T08:51:30Z</time>
  </trkpt>
  <trkpt lat="48.473775" lon="-5.077816">
    <ele>21</ele>
    <time>2018-04-23T08:51:52Z</time>
  </trkpt>
  <trkpt lat="48.473809" lon="-5.077678">
    <ele>21</ele>
    <time>2018-04-23T08:52:02Z</time>
  </trkpt>
  <trkpt lat="48.473822" lon="-5.077608">
    <ele>21</ele>
    <time>2018-04-23T08:52:07Z</time>
  </trkpt>
  <trkpt lat="48.473813" lon="-5.077426">
    <ele>23</ele>
    <time>2018-04-23T08:52:21Z</time>
  </trkpt>
  <trkpt lat="48.473826" lon="-5.077355">
    <ele>23</ele>
    <time>2018-04-23T08:52:26Z</time>
  </trkpt>
  <trkpt lat="48.473862" lon="-5.077293">
    <ele>23</ele>
    <time>2018-04-23T08:52:31Z</time>
  </trkpt>
  <trkpt lat="48.473903" lon="-5.077246">
    <ele>23</ele>
    <time>2018-04-23T08:52:36Z</time>
  </trkpt>
  <trkpt lat="48.474009" lon="-5.076987">
    <ele>21</ele>
    <time>2018-04-23T08:52:56Z</time>
  </trkpt>
  <trkpt lat="48.474069" lon="-5.076880">
    <ele>20</ele>
    <time>2018-04-23T08:53:04Z</time>
  </trkpt>
  <trkpt lat="48.474083" lon="-5.076799">
    <ele>20</ele>
    <time>2018-04-23T08:53:09Z</time>
  </trkpt>
  <trkpt lat="48.474102" lon="-5.076658">
    <ele>20</ele>
    <time>2018-04-23T08:53:17Z</time>
  </trkpt>
  <trkpt lat="48.474104" lon="-5.076589">
    <ele>20</ele>
    <time>2018-04-23T08:53:21Z</time>
  </trkpt>
  <trkpt lat="48.474078" lon="-5.076443">
    <ele>20</ele>
    <time>2018-04-23T08:53:31Z</time>
  </trkpt>
  <trkpt lat="48.474063" lon="-5.076281">
    <ele>20</ele>
    <time>2018-04-23T08:53:41Z</time>
  </trkpt>
  <trkpt lat="48.474047" lon="-5.076217">
    <ele>20</ele>
    <time>2018-04-23T08:53:46Z</time>
  </trkpt>
  <trkpt lat="48.473897" lon="-5.076062">
    <ele>23</ele>
    <time>2018-04-23T08:54:07Z</time>
  </trkpt>
  <trkpt lat="48.473874" lon="-5.076005">
    <ele>23</ele>
    <time>2018-04-23T08:54:12Z</time>
  </trkpt>
  <trkpt lat="48.473880" lon="-5.075918">
    <ele>23</ele>
    <time>2018-04-23T08:54:17Z</time>
  </trkpt>
  <trkpt lat="48.473899" lon="-5.075844">
    <ele>24</ele>
    <time>2018-04-23T08:54:22Z</time>
  </trkpt>
  <trkpt lat="48.473944" lon="-5.075717">
    <ele>24</ele>
    <time>2018-04-23T08:54:31Z</time>
  </trkpt>
  <trkpt lat="48.474113" lon="-5.075424">
    <ele>22</ele>
    <time>2018-04-23T08:54:54Z</time>
  </trkpt>
  <trkpt lat="48.474174" lon="-5.075276">
    <ele>21</ele>
    <time>2018-04-23T08:55:06Z</time>
  </trkpt>
  <trkpt lat="48.474212" lon="-5.075224">
    <ele>20</ele>
    <time>2018-04-23T08:55:11Z</time>
  </trkpt>
  <trkpt lat="48.474291" lon="-5.075119">
    <ele>19</ele>
    <time>2018-04-23T08:55:20Z</time>
  </trkpt>
  <trkpt lat="48.474335" lon="-5.075067">
    <ele>19</ele>
    <time>2018-04-23T08:55:25Z</time>
  </trkpt>
  <trkpt lat="48.474515" lon="-5.074876">
    <ele>22</ele>
    <time>2018-04-23T08:55:46Z</time>
  </trkpt>
  <trkpt lat="48.474557" lon="-5.074854">
    <ele>22</ele>
    <time>2018-04-23T08:55:50Z</time>
  </trkpt>
  <trkpt lat="48.474822" lon="-5.074562">
    <ele>23</ele>
    <time>2018-04-23T08:56:21Z</time>
  </trkpt>
  <trkpt lat="48.474910" lon="-5.074484">
    <ele>23</ele>
    <time>2018-04-23T08:56:30Z</time>
  </trkpt>
  <trkpt lat="48.474956" lon="-5.074454">
    <ele>23</ele>
    <time>2018-04-23T08:56:34Z</time>
  </trkpt>
  <trkpt lat="48.475317" lon="-5.074190">
    <ele>22</ele>
    <time>2018-04-23T08:57:07Z</time>
  </trkpt>
  <trkpt lat="48.475687" lon="-5.073956">
    <ele>24</ele>
    <time>2018-04-23T08:57:39Z</time>
  </trkpt>
  <trkpt lat="48.475736" lon="-5.073919">
    <ele>24</ele>
    <time>2018-04-23T08:57:44Z</time>
  </trkpt>
  <trkpt lat="48.475841" lon="-5.073877">
    <ele>23</ele>
    <time>2018-04-23T08:57:54Z</time>
  </trkpt>
  <trkpt lat="48.475892" lon="-5.073846">
    <ele>23</ele>
    <time>2018-04-23T08:57:59Z</time>
  </trkpt>
  <trkpt lat="48.476180" lon="-5.073737">
    <ele>22</ele>
    <time>2018-04-23T08:58:24Z</time>
  </trkpt>
  <trkpt lat="48.476356" lon="-5.073585">
    <ele>22</ele>
    <time>2018-04-23T08:58:43Z</time>
  </trkpt>
  <trkpt lat="48.476384" lon="-5.073527">
    <ele>21</ele>
    <time>2018-04-23T08:58:47Z</time>
  </trkpt>
  <trkpt lat="48.476405" lon="-5.073453">
    <ele>21</ele>
    <time>2018-04-23T08:58:51Z</time>
  </trkpt>
  <trkpt lat="48.476406" lon="-5.073385">
    <ele>21</ele>
    <time>2018-04-23T08:58:55Z</time>
  </trkpt>
  <trkpt lat="48.476388" lon="-5.073315">
    <ele>21</ele>
    <time>2018-04-23T08:59:00Z</time>
  </trkpt>
  <trkpt lat="48.476395" lon="-5.073237">
    <ele>21</ele>
    <time>2018-04-23T08:59:05Z</time>
  </trkpt>
  <trkpt lat="48.476417" lon="-5.073160">
    <ele>21</ele>
    <time>2018-04-23T08:59:10Z</time>
  </trkpt>
  <trkpt lat="48.476469" lon="-5.073041">
    <ele>21</ele>
    <time>2018-04-23T08:59:18Z</time>
  </trkpt>
  <trkpt lat="48.476585" lon="-5.072705">
    <ele>22</ele>
    <time>2018-04-23T08:59:40Z</time>
  </trkpt>
  <trkpt lat="48.476595" lon="-5.072626">
    <ele>22</ele>
    <time>2018-04-23T08:59:45Z</time>
  </trkpt>
  <trkpt lat="48.476649" lon="-5.072498">
    <ele>23</ele>
    <time>2018-04-23T08:59:55Z</time>
  </trkpt>
  <trkpt lat="48.476693" lon="-5.072460">
    <ele>23</ele>
    <time>2018-04-23T09:00:00Z</time>
  </trkpt>
  <trkpt lat="48.476833" lon="-5.072334">
    <ele>23</ele>
    <time>2018-04-23T09:00:15Z</time>
  </trkpt>
  <trkpt lat="48.477029" lon="-5.072202">
    <ele>23</ele>
    <time>2018-04-23T09:00:34Z</time>
  </trkpt>
  <trkpt lat="48.477368" lon="-5.071858">
    <ele>24</ele>
    <time>2018-04-23T09:01:09Z</time>
  </trkpt>
  <trkpt lat="48.477534" lon="-5.071695">
    <ele>24</ele>
    <time>2018-04-23T09:01:27Z</time>
  </trkpt>
  <trkpt lat="48.477565" lon="-5.071634">
    <ele>24</ele>
    <time>2018-04-23T09:01:31Z</time>
  </trkpt>
  <trkpt lat="48.477873" lon="-5.071331">
    <ele>26</ele>
    <time>2018-04-23T09:02:06Z</time>
  </trkpt>
  <trkpt lat="48.477988" lon="-5.071151">
    <ele>27</ele>
    <time>2018-04-23T09:02:23Z</time>
  </trkpt>
  <trkpt lat="48.478029" lon="-5.071114">
    <ele>28</ele>
    <time>2018-04-23T09:02:28Z</time>
  </trkpt>
  <trkpt lat="48.478108" lon="-5.071027">
    <ele>28</ele>
    <time>2018-04-23T09:02:38Z</time>
  </trkpt>
  <trkpt lat="48.478156" lon="-5.071019">
    <ele>28</ele>
    <time>2018-04-23T09:02:43Z</time>
  </trkpt>
  <trkpt lat="48.478351" lon="-5.070893">
    <ele>27</ele>
    <time>2018-04-23T09:03:03Z</time>
  </trkpt>
  <trkpt lat="48.478397" lon="-5.070909">
    <ele>26</ele>
    <time>2018-04-23T09:03:08Z</time>
  </trkpt>
  <trkpt lat="48.478441" lon="-5.070853">
    <ele>25</ele>
    <time>2018-04-23T09:03:16Z</time>
  </trkpt>
  <trkpt lat="48.478452" lon="-5.070788">
    <ele>25</ele>
    <time>2018-04-23T09:03:21Z</time>
  </trkpt>
  <trkpt lat="48.478492" lon="-5.070720">
    <ele>25</ele>
    <time>2018-04-23T09:03:29Z</time>
  </trkpt>
  <trkpt lat="48.478534" lon="-5.070672">
    <ele>24</ele>
    <time>2018-04-23T09:03:35Z</time>
  </trkpt>
  <trkpt lat="48.478556" lon="-5.070599">
    <ele>23</ele>
    <time>2018-04-23T09:03:40Z</time>
  </trkpt>
  <trkpt lat="48.478532" lon="-5.070495">
    <ele>24</ele>
    <time>2018-04-23T09:03:50Z</time>
  </trkpt>
  <trkpt lat="48.478548" lon="-5.070417">
    <ele>25</ele>
    <time>2018-04-23T09:03:55Z</time>
  </trkpt>
  <trkpt lat="48.478560" lon="-5.070341">
    <ele>25</ele>
    <time>2018-04-23T09:04:00Z</time>
  </trkpt>
  <trkpt lat="48.478546" lon="-5.070272">
    <ele>25</ele>
    <time>2018-04-23T09:04:05Z</time>
  </trkpt>
  <trkpt lat="48.478519" lon="-5.070212">
    <ele>25</ele>
    <time>2018-04-23T09:04:10Z</time>
  </trkpt>
  <trkpt lat="48.478472" lon="-5.069985">
    <ele>26</ele>
    <time>2018-04-23T09:04:24Z</time>
  </trkpt>
  <trkpt lat="48.478483" lon="-5.069913">
    <ele>26</ele>
    <time>2018-04-23T09:04:28Z</time>
  </trkpt>
  <trkpt lat="48.478482" lon="-5.069824">
    <ele>26</ele>
    <time>2018-04-23T09:04:33Z</time>
  </trkpt>
  <trkpt lat="48.478454" lon="-5.069760">
    <ele>25</ele>
    <time>2018-04-23T09:04:38Z</time>
  </trkpt>
  <trkpt lat="48.478408" lon="-5.069730">
    <ele>25</ele>
    <time>2018-04-23T09:04:42Z</time>
  </trkpt>
  <trkpt lat="48.478342" lon="-5.069588">
    <ele>26</ele>
    <time>2018-04-23T09:04:53Z</time>
  </trkpt>
  <trkpt lat="48.478255" lon="-5.069388">
    <ele>25</ele>
    <time>2018-04-23T09:05:07Z</time>
  </trkpt>
  <trkpt lat="48.478218" lon="-5.069333">
    <ele>25</ele>
    <time>2018-04-23T09:05:12Z</time>
  </trkpt>
  <trkpt lat="48.478193" lon="-5.069261">
    <ele>25</ele>
    <time>2018-04-23T09:05:17Z</time>
  </trkpt>
  <trkpt lat="48.478295" lon="-5.069127">
    <ele>22</ele>
    <time>2018-04-23T09:05:34Z</time>
  </trkpt>
  <trkpt lat="48.478293" lon="-5.069020">
    <ele>22</ele>
    <time>2018-04-23T09:05:41Z</time>
  </trkpt>
  <trkpt lat="48.478328" lon="-5.068961">
    <ele>22</ele>
    <time>2018-04-23T09:05:46Z</time>
  </trkpt>
  <trkpt lat="48.478345" lon="-5.068871">
    <ele>24</ele>
    <time>2018-04-23T09:06:18Z</time>
  </trkpt>
  <trkpt lat="48.478370" lon="-5.068723">
    <ele>25</ele>
    <time>2018-04-23T09:06:29Z</time>
  </trkpt>
  <trkpt lat="48.478369" lon="-5.068625">
    <ele>26</ele>
    <time>2018-04-23T09:06:36Z</time>
  </trkpt>
  <trkpt lat="48.478399" lon="-5.068568">
    <ele>27</ele>
    <time>2018-04-23T09:06:41Z</time>
  </trkpt>
  <trkpt lat="48.478566" lon="-5.068613">
    <ele>27</ele>
    <time>2018-04-23T09:07:03Z</time>
  </trkpt>
  <trkpt lat="48.478937" lon="-5.068750">
    <ele>26</ele>
    <time>2018-04-23T09:07:38Z</time>
  </trkpt>
  <trkpt lat="48.478980" lon="-5.068773">
    <ele>26</ele>
    <time>2018-04-23T09:07:42Z</time>
  </trkpt>
  <trkpt lat="48.479235" lon="-5.068862">
    <ele>25</ele>
    <time>2018-04-23T09:08:03Z</time>
  </trkpt>
  <trkpt lat="48.479281" lon="-5.068897">
    <ele>25</ele>
    <time>2018-04-23T09:08:07Z</time>
  </trkpt>
  <trkpt lat="48.479519" lon="-5.069029">
    <ele>24</ele>
    <time>2018-04-23T09:08:27Z</time>
  </trkpt>
  <trkpt lat="48.479559" lon="-5.069076">
    <ele>24</ele>
    <time>2018-04-23T09:08:31Z</time>
  </trkpt>
  <trkpt lat="48.479594" lon="-5.069139">
    <ele>24</ele>
    <time>2018-04-23T09:08:35Z</time>
  </trkpt>
  <trkpt lat="48.479743" lon="-5.069441">
    <ele>22</ele>
    <time>2018-04-23T09:08:56Z</time>
  </trkpt>
  <trkpt lat="48.480063" lon="-5.069794">
    <ele>21</ele>
    <time>2018-04-23T09:09:29Z</time>
  </trkpt>
  <trkpt lat="48.480127" lon="-5.069903">
    <ele>21</ele>
    <time>2018-04-23T09:09:37Z</time>
  </trkpt>
  <trkpt lat="48.480169" lon="-5.069951">
    <ele>20</ele>
    <time>2018-04-23T09:09:41Z</time>
  </trkpt>
  <trkpt lat="48.480210" lon="-5.069990">
    <ele>20</ele>
    <time>2018-04-23T09:09:45Z</time>
  </trkpt>
  <trkpt lat="48.480291" lon="-5.070090">
    <ele>20</ele>
    <time>2018-04-23T09:09:54Z</time>
  </trkpt>
  <trkpt lat="48.480316" lon="-5.070160">
    <ele>20</ele>
    <time>2018-04-23T09:09:58Z</time>
  </trkpt>
  <trkpt lat="48.480327" lon="-5.070238">
    <ele>20</ele>
    <time>2018-04-23T09:10:02Z</time>
  </trkpt>
  <trkpt lat="48.480391" lon="-5.070751">
    <ele>20</ele>
    <time>2018-04-23T09:10:31Z</time>
  </trkpt>
  <trkpt lat="48.480397" lon="-5.070966">
    <ele>21</ele>
    <time>2018-04-23T09:10:43Z</time>
  </trkpt>
  <trkpt lat="48.480422" lon="-5.071115">
    <ele>21</ele>
    <time>2018-04-23T09:10:52Z</time>
  </trkpt>
  <trkpt lat="48.480427" lon="-5.071196">
    <ele>21</ele>
    <time>2018-04-23T09:10:57Z</time>
  </trkpt>
  <trkpt lat="48.480428" lon="-5.071276">
    <ele>20</ele>
    <time>2018-04-23T09:11:02Z</time>
  </trkpt>
  <trkpt lat="48.480445" lon="-5.071341">
    <ele>20</ele>
    <time>2018-04-23T09:11:06Z</time>
  </trkpt>
  <trkpt lat="48.480466" lon="-5.071405">
    <ele>20</ele>
    <time>2018-04-23T09:11:10Z</time>
  </trkpt>
  <trkpt lat="48.480485" lon="-5.071553">
    <ele>20</ele>
    <time>2018-04-23T09:11:18Z</time>
  </trkpt>
  <trkpt lat="48.480490" lon="-5.071637">
    <ele>20</ele>
    <time>2018-04-23T09:11:23Z</time>
  </trkpt>
  <trkpt lat="48.480443" lon="-5.071782">
    <ele>20</ele>
    <time>2018-04-23T09:11:32Z</time>
  </trkpt>
  <trkpt lat="48.480406" lon="-5.072332">
    <ele>19</ele>
    <time>2018-04-23T09:12:03Z</time>
  </trkpt>
  <trkpt lat="48.480382" lon="-5.072558">
    <ele>19</ele>
    <time>2018-04-23T09:12:16Z</time>
  </trkpt>
  <trkpt lat="48.480383" lon="-5.072633">
    <ele>19</ele>
    <time>2018-04-23T09:12:21Z</time>
  </trkpt>
  <trkpt lat="48.480381" lon="-5.072713">
    <ele>20</ele>
    <time>2018-04-23T09:12:26Z</time>
  </trkpt>
  <trkpt lat="48.480363" lon="-5.072862">
    <ele>20</ele>
    <time>2018-04-23T09:12:35Z</time>
  </trkpt>
  <trkpt lat="48.480342" lon="-5.073381">
    <ele>23</ele>
    <time>2018-04-23T09:13:07Z</time>
  </trkpt>
  <trkpt lat="48.480330" lon="-5.073457">
    <ele>23</ele>
    <time>2018-04-23T09:13:12Z</time>
  </trkpt>
  <trkpt lat="48.480321" lon="-5.073613">
    <ele>24</ele>
    <time>2018-04-23T09:13:22Z</time>
  </trkpt>
  <trkpt lat="48.480306" lon="-5.073695">
    <ele>24</ele>
    <time>2018-04-23T09:13:27Z</time>
  </trkpt>
  <trkpt lat="48.480290" lon="-5.073845">
    <ele>24</ele>
    <time>2018-04-23T09:13:36Z</time>
  </trkpt>
  <trkpt lat="48.480306" lon="-5.074072">
    <ele>25</ele>
    <time>2018-04-23T09:13:51Z</time>
  </trkpt>
  <trkpt lat="48.480299" lon="-5.074147">
    <ele>25</ele>
    <time>2018-04-23T09:13:56Z</time>
  </trkpt>
  <trkpt lat="48.480274" lon="-5.074361">
    <ele>27</ele>
    <time>2018-04-23T09:14:11Z</time>
  </trkpt>
  <trkpt lat="48.480246" lon="-5.074431">
    <ele>28</ele>
    <time>2018-04-23T09:14:16Z</time>
  </trkpt>
  <trkpt lat="48.480216" lon="-5.074578">
    <ele>29</ele>
    <time>2018-04-23T09:14:26Z</time>
  </trkpt>
  <trkpt lat="48.480215" lon="-5.074726">
    <ele>30</ele>
    <time>2018-04-23T09:14:36Z</time>
  </trkpt>
  <trkpt lat="48.480238" lon="-5.074816">
    <ele>32</ele>
    <time>2018-04-23T09:14:47Z</time>
  </trkpt>
  <trkpt lat="48.480289" lon="-5.074748">
    <ele>32</ele>
    <time>2018-04-23T09:15:39Z</time>
  </trkpt>
  <trkpt lat="48.480331" lon="-5.074716">
    <ele>33</ele>
    <time>2018-04-23T09:15:44Z</time>
  </trkpt>
  <trkpt lat="48.480385" lon="-5.074689">
    <ele>33</ele>
    <time>2018-04-23T09:15:49Z</time>
  </trkpt>
  <trkpt lat="48.480428" lon="-5.074652">
    <ele>32</ele>
    <time>2018-04-23T09:15:54Z</time>
  </trkpt>
  <trkpt lat="48.480538" lon="-5.074576">
    <ele>31</ele>
    <time>2018-04-23T09:16:06Z</time>
  </trkpt>
  <trkpt lat="48.480573" lon="-5.074529">
    <ele>31</ele>
    <time>2018-04-23T09:16:10Z</time>
  </trkpt>
  <trkpt lat="48.480929" lon="-5.074315">
    <ele>29</ele>
    <time>2018-04-23T09:16:44Z</time>
  </trkpt>
  <trkpt lat="48.481111" lon="-5.074276">
    <ele>27</ele>
    <time>2018-04-23T09:17:01Z</time>
  </trkpt>
  <trkpt lat="48.481337" lon="-5.074171">
    <ele>24</ele>
    <time>2018-04-23T09:17:23Z</time>
  </trkpt>
  <trkpt lat="48.481388" lon="-5.074169">
    <ele>24</ele>
    <time>2018-04-23T09:17:27Z</time>
  </trkpt>
  <trkpt lat="48.481433" lon="-5.074145">
    <ele>23</ele>
    <time>2018-04-23T09:17:31Z</time>
  </trkpt>
  <trkpt lat="48.481544" lon="-5.074130">
    <ele>23</ele>
    <time>2018-04-23T09:17:41Z</time>
  </trkpt>
  <trkpt lat="48.481598" lon="-5.074114">
    <ele>23</ele>
    <time>2018-04-23T09:17:46Z</time>
  </trkpt>
  <trkpt lat="48.481854" lon="-5.073958">
    <ele>26</ele>
    <time>2018-04-23T09:18:16Z</time>
  </trkpt>
  <trkpt lat="48.481955" lon="-5.073961">
    <ele>27</ele>
    <time>2018-04-23T09:18:27Z</time>
  </trkpt>
  <trkpt lat="48.482016" lon="-5.073934">
    <ele>27</ele>
    <time>2018-04-23T09:18:35Z</time>
  </trkpt>
  <trkpt lat="48.482049" lon="-5.073877">
    <ele>29</ele>
    <time>2018-04-23T09:18:41Z</time>
  </trkpt>
  <trkpt lat="48.482182" lon="-5.073791">
    <ele>30</ele>
    <time>2018-04-23T09:18:58Z</time>
  </trkpt>
  <trkpt lat="48.482223" lon="-5.073749">
    <ele>31</ele>
    <time>2018-04-23T09:19:03Z</time>
  </trkpt>
  <trkpt lat="48.482267" lon="-5.073718">
    <ele>31</ele>
    <time>2018-04-23T09:19:08Z</time>
  </trkpt>
  <trkpt lat="48.482315" lon="-5.073690">
    <ele>31</ele>
    <time>2018-04-23T09:19:13Z</time>
  </trkpt>
  <trkpt lat="48.482391" lon="-5.073511">
    <ele>30</ele>
    <time>2018-04-23T09:19:31Z</time>
  </trkpt>
  <trkpt lat="48.482396" lon="-5.073434">
    <ele>29</ele>
    <time>2018-04-23T09:19:36Z</time>
  </trkpt>
  <trkpt lat="48.482380" lon="-5.073356">
    <ele>29</ele>
    <time>2018-04-23T09:19:41Z</time>
  </trkpt>
  <trkpt lat="48.482362" lon="-5.073276">
    <ele>29</ele>
    <time>2018-04-23T09:19:46Z</time>
  </trkpt>
  <trkpt lat="48.482328" lon="-5.073216">
    <ele>29</ele>
    <time>2018-04-23T09:19:51Z</time>
  </trkpt>
  <trkpt lat="48.482275" lon="-5.073060">
    <ele>27</ele>
    <time>2018-04-23T09:20:03Z</time>
  </trkpt>
  <trkpt lat="48.481999" lon="-5.072736">
    <ele>24</ele>
    <time>2018-04-23T09:20:34Z</time>
  </trkpt>
  <trkpt lat="48.481970" lon="-5.072677">
    <ele>24</ele>
    <time>2018-04-23T09:20:38Z</time>
  </trkpt>
  <trkpt lat="48.481901" lon="-5.072456">
    <ele>23</ele>
    <time>2018-04-23T09:20:51Z</time>
  </trkpt>
  <trkpt lat="48.481879" lon="-5.072386">
    <ele>23</ele>
    <time>2018-04-23T09:20:55Z</time>
  </trkpt>
  <trkpt lat="48.481852" lon="-5.072317">
    <ele>23</ele>
    <time>2018-04-23T09:20:59Z</time>
  </trkpt>
  <trkpt lat="48.481817" lon="-5.072256">
    <ele>23</ele>
    <time>2018-04-23T09:21:03Z</time>
  </trkpt>
  <trkpt lat="48.481789" lon="-5.072200">
    <ele>23</ele>
    <time>2018-04-23T09:21:07Z</time>
  </trkpt>
  <trkpt lat="48.481764" lon="-5.072135">
    <ele>23</ele>
    <time>2018-04-23T09:21:11Z</time>
  </trkpt>
  <trkpt lat="48.481734" lon="-5.072075">
    <ele>22</ele>
    <time>2018-04-23T09:21:16Z</time>
  </trkpt>
  <trkpt lat="48.481592" lon="-5.071884">
    <ele>22</ele>
    <time>2018-04-23T09:21:32Z</time>
  </trkpt>
  <trkpt lat="48.481454" lon="-5.071569">
    <ele>22</ele>
    <time>2018-04-23T09:21:52Z</time>
  </trkpt>
  <trkpt lat="48.481414" lon="-5.071509">
    <ele>22</ele>
    <time>2018-04-23T09:21:57Z</time>
  </trkpt>
  <trkpt lat="48.481352" lon="-5.071403">
    <ele>21</ele>
    <time>2018-04-23T09:22:05Z</time>
  </trkpt>
  <trkpt lat="48.481312" lon="-5.071357">
    <ele>21</ele>
    <time>2018-04-23T09:22:09Z</time>
  </trkpt>
  <trkpt lat="48.481280" lon="-5.071301">
    <ele>21</ele>
    <time>2018-04-23T09:22:13Z</time>
  </trkpt>
  <trkpt lat="48.481233" lon="-5.071092">
    <ele>20</ele>
    <time>2018-04-23T09:22:24Z</time>
  </trkpt>
  <trkpt lat="48.481228" lon="-5.071027">
    <ele>20</ele>
    <time>2018-04-23T09:22:29Z</time>
  </trkpt>
  <trkpt lat="48.481241" lon="-5.070802">
    <ele>19</ele>
    <time>2018-04-23T09:22:41Z</time>
  </trkpt>
  <trkpt lat="48.481247" lon="-5.070655">
    <ele>19</ele>
    <time>2018-04-23T09:22:49Z</time>
  </trkpt>
  <trkpt lat="48.481241" lon="-5.070584">
    <ele>19</ele>
    <time>2018-04-23T09:22:53Z</time>
  </trkpt>
  <trkpt lat="48.481257" lon="-5.070365">
    <ele>20</ele>
    <time>2018-04-23T09:23:05Z</time>
  </trkpt>
  <trkpt lat="48.481272" lon="-5.070293">
    <ele>20</ele>
    <time>2018-04-23T09:23:09Z</time>
  </trkpt>
  <trkpt lat="48.481275" lon="-5.069998">
    <ele>20</ele>
    <time>2018-04-23T09:23:26Z</time>
  </trkpt>
  <trkpt lat="48.481288" lon="-5.069838">
    <ele>20</ele>
    <time>2018-04-23T09:23:35Z</time>
  </trkpt>
  <trkpt lat="48.481293" lon="-5.069465">
    <ele>21</ele>
    <time>2018-04-23T09:23:55Z</time>
  </trkpt>
  <trkpt lat="48.481320" lon="-5.069031">
    <ele>22</ele>
    <time>2018-04-23T09:24:20Z</time>
  </trkpt>
  <trkpt lat="48.481319" lon="-5.068556">
    <ele>24</ele>
    <time>2018-04-23T09:24:50Z</time>
  </trkpt>
  <trkpt lat="48.481321" lon="-5.068469">
    <ele>25</ele>
    <time>2018-04-23T09:24:55Z</time>
  </trkpt>
  <trkpt lat="48.481323" lon="-5.068397">
    <ele>25</ele>
    <time>2018-04-23T09:24:59Z</time>
  </trkpt>
  <trkpt lat="48.481354" lon="-5.067856">
    <ele>26</ele>
    <time>2018-04-23T09:25:30Z</time>
  </trkpt>
  <trkpt lat="48.481357" lon="-5.067554">
    <ele>27</ele>
    <time>2018-04-23T09:25:47Z</time>
  </trkpt>
  <trkpt lat="48.481271" lon="-5.067270">
    <ele>28</ele>
    <time>2018-04-23T09:26:03Z</time>
  </trkpt>
  <trkpt lat="48.481226" lon="-5.067145">
    <ele>28</ele>
    <time>2018-04-23T09:26:11Z</time>
  </trkpt>
  <trkpt lat="48.481203" lon="-5.067004">
    <ele>27</ele>
    <time>2018-04-23T09:26:19Z</time>
  </trkpt>
  <trkpt lat="48.481153" lon="-5.066509">
    <ele>24</ele>
    <time>2018-04-23T09:26:53Z</time>
  </trkpt>
  <trkpt lat="48.481166" lon="-5.066426">
    <ele>23</ele>
    <time>2018-04-23T09:27:05Z</time>
  </trkpt>
  <trkpt lat="48.481090" lon="-5.066390">
    <ele>23</ele>
    <time>2018-04-23T09:27:22Z</time>
  </trkpt>
  <trkpt lat="48.481052" lon="-5.066332">
    <ele>23</ele>
    <time>2018-04-23T09:27:27Z</time>
  </trkpt>
  <trkpt lat="48.481026" lon="-5.066266">
    <ele>22</ele>
    <time>2018-04-23T09:27:31Z</time>
  </trkpt>
  <trkpt lat="48.480991" lon="-5.066223">
    <ele>22</ele>
    <time>2018-04-23T09:27:35Z</time>
  </trkpt>
  <trkpt lat="48.480906" lon="-5.066134">
    <ele>23</ele>
    <time>2018-04-23T09:27:45Z</time>
  </trkpt>
  <trkpt lat="48.480762" lon="-5.065631">
    <ele>24</ele>
    <time>2018-04-23T09:28:18Z</time>
  </trkpt>
  <trkpt lat="48.480657" lon="-5.065345">
    <ele>25</ele>
    <time>2018-04-23T09:28:51Z</time>
  </trkpt>
  <trkpt lat="48.480604" lon="-5.065089">
    <ele>26</ele>
    <time>2018-04-23T09:29:26Z</time>
  </trkpt>
  <trkpt lat="48.480573" lon="-5.064860">
    <ele>26</ele>
    <time>2018-04-23T09:29:40Z</time>
  </trkpt>
  <trkpt lat="48.480561" lon="-5.064633">
    <ele>27</ele>
    <time>2018-04-23T09:29:54Z</time>
  </trkpt>
  <trkpt lat="48.480548" lon="-5.064563">
    <ele>28</ele>
    <time>2018-04-23T09:29:58Z</time>
  </trkpt>
  <trkpt lat="48.480501" lon="-5.064564">
    <ele>28</ele>
    <time>2018-04-23T09:31:18Z</time>
  </trkpt>
  <trkpt lat="48.480442" lon="-5.064766">
    <ele>29</ele>
    <time>2018-04-23T09:31:31Z</time>
  </trkpt>
  <trkpt lat="48.480274" lon="-5.065174">
    <ele>27</ele>
    <time>2018-04-23T09:32:01Z</time>
  </trkpt>
  <trkpt lat="48.480246" lon="-5.065254">
    <ele>27</ele>
    <time>2018-04-23T09:32:06Z</time>
  </trkpt>
  <trkpt lat="48.480220" lon="-5.065322">
    <ele>27</ele>
    <time>2018-04-23T09:32:10Z</time>
  </trkpt>
  <trkpt lat="48.480179" lon="-5.065376">
    <ele>27</ele>
    <time>2018-04-23T09:32:14Z</time>
  </trkpt>
  <trkpt lat="48.480150" lon="-5.065456">
    <ele>26</ele>
    <time>2018-04-23T09:32:19Z</time>
  </trkpt>
  <trkpt lat="48.480117" lon="-5.065518">
    <ele>26</ele>
    <time>2018-04-23T09:32:24Z</time>
  </trkpt>
  <trkpt lat="48.480057" lon="-5.065637">
    <ele>26</ele>
    <time>2018-04-23T09:32:32Z</time>
  </trkpt>
  <trkpt lat="48.480021" lon="-5.065773">
    <ele>26</ele>
    <time>2018-04-23T09:32:40Z</time>
  </trkpt>
  <trkpt lat="48.479965" lon="-5.065877">
    <ele>26</ele>
    <time>2018-04-23T09:32:47Z</time>
  </trkpt>
  <trkpt lat="48.479938" lon="-5.065936">
    <ele>26</ele>
    <time>2018-04-23T09:32:51Z</time>
  </trkpt>
  <trkpt lat="48.479906" lon="-5.066005">
    <ele>26</ele>
    <time>2018-04-23T09:32:56Z</time>
  </trkpt>
  <trkpt lat="48.479685" lon="-5.066342">
    <ele>26</ele>
    <time>2018-04-23T09:33:23Z</time>
  </trkpt>
  <trkpt lat="48.479535" lon="-5.066383">
    <ele>25</ele>
    <time>2018-04-23T09:33:36Z</time>
  </trkpt>
  <trkpt lat="48.479492" lon="-5.066345">
    <ele>25</ele>
    <time>2018-04-23T09:33:41Z</time>
  </trkpt>
  <trkpt lat="48.479432" lon="-5.066232">
    <ele>25</ele>
    <time>2018-04-23T09:33:50Z</time>
  </trkpt>
  <trkpt lat="48.479299" lon="-5.066099">
    <ele>25</ele>
    <time>2018-04-23T09:34:05Z</time>
  </trkpt>
  <trkpt lat="48.479174" lon="-5.065757">
    <ele>25</ele>
    <time>2018-04-23T09:34:25Z</time>
  </trkpt>
  <trkpt lat="48.479109" lon="-5.065615">
    <ele>25</ele>
    <time>2018-04-23T09:34:37Z</time>
  </trkpt>
  <trkpt lat="48.479008" lon="-5.065057">
    <ele>27</ele>
    <time>2018-04-23T09:35:09Z</time>
  </trkpt>
  <trkpt lat="48.478935" lon="-5.064806">
    <ele>27</ele>
    <time>2018-04-23T09:35:25Z</time>
  </trkpt>
  <trkpt lat="48.478888" lon="-5.064686">
    <ele>28</ele>
    <time>2018-04-23T09:35:33Z</time>
  </trkpt>
  <trkpt lat="48.478838" lon="-5.064573">
    <ele>28</ele>
    <time>2018-04-23T09:35:41Z</time>
  </trkpt>
  <trkpt lat="48.478800" lon="-5.064427">
    <ele>28</ele>
    <time>2018-04-23T09:35:51Z</time>
  </trkpt>
  <trkpt lat="48.478614" lon="-5.064106">
    <ele>29</ele>
    <time>2018-04-23T09:36:17Z</time>
  </trkpt>
  <trkpt lat="48.478539" lon="-5.064029">
    <ele>30</ele>
    <time>2018-04-23T09:36:26Z</time>
  </trkpt>
  <trkpt lat="48.478483" lon="-5.063911">
    <ele>30</ele>
    <time>2018-04-23T09:36:35Z</time>
  </trkpt>
  <trkpt lat="48.478245" lon="-5.063660">
    <ele>31</ele>
    <time>2018-04-23T09:37:01Z</time>
  </trkpt>
  <trkpt lat="48.478057" lon="-5.063325">
    <ele>33</ele>
    <time>2018-04-23T09:37:27Z</time>
  </trkpt>
  <trkpt lat="48.477816" lon="-5.063018">
    <ele>36</ele>
    <time>2018-04-23T09:37:56Z</time>
  </trkpt>
  <trkpt lat="48.477762" lon="-5.062915">
    <ele>37</ele>
    <time>2018-04-23T09:38:05Z</time>
  </trkpt>
  <trkpt lat="48.477673" lon="-5.062820">
    <ele>38</ele>
    <time>2018-04-23T09:38:17Z</time>
  </trkpt>
  <trkpt lat="48.477377" lon="-5.062646">
    <ele>40</ele>
    <time>2018-04-23T09:38:56Z</time>
  </trkpt>
  <trkpt lat="48.477260" lon="-5.062550">
    <ele>42</ele>
    <time>2018-04-23T09:39:14Z</time>
  </trkpt>
  <trkpt lat="48.476995" lon="-5.062299">
    <ele>42</ele>
    <time>2018-04-23T09:39:48Z</time>
  </trkpt>
  <trkpt lat="48.476870" lon="-5.062251">
    <ele>42</ele>
    <time>2018-04-23T09:40:03Z</time>
  </trkpt>
  <trkpt lat="48.476565" lon="-5.062011">
    <ele>41</ele>
    <time>2018-04-23T09:40:39Z</time>
  </trkpt>
  <trkpt lat="48.476408" lon="-5.061846">
    <ele>42</ele>
    <time>2018-04-23T09:40:58Z</time>
  </trkpt>
  <trkpt lat="48.476338" lon="-5.061717">
    <ele>41</ele>
    <time>2018-04-23T09:41:08Z</time>
  </trkpt>
  <trkpt lat="48.476186" lon="-5.061531">
    <ele>41</ele>
    <time>2018-04-23T09:41:27Z</time>
  </trkpt>
  <trkpt lat="48.476010" lon="-5.061413">
    <ele>42</ele>
    <time>2018-04-23T09:41:47Z</time>
  </trkpt>
  <trkpt lat="48.475928" lon="-5.061291">
    <ele>43</ele>
    <time>2018-04-23T09:41:59Z</time>
  </trkpt>
  <trkpt lat="48.475697" lon="-5.060993">
    <ele>43</ele>
    <time>2018-04-23T09:42:35Z</time>
  </trkpt>
  <trkpt lat="48.475500" lon="-5.060674">
    <ele>40</ele>
    <time>2018-04-23T09:43:10Z</time>
  </trkpt>
  <trkpt lat="48.475336" lon="-5.060478">
    <ele>41</ele>
    <time>2018-04-23T09:43:34Z</time>
  </trkpt>
  <trkpt lat="48.475288" lon="-5.060350">
    <ele>41</ele>
    <time>2018-04-23T09:43:44Z</time>
  </trkpt>
  <trkpt lat="48.475271" lon="-5.060213">
    <ele>41</ele>
    <time>2018-04-23T09:43:54Z</time>
  </trkpt>
  <trkpt lat="48.475262" lon="-5.060032">
    <ele>40</ele>
    <time>2018-04-23T09:44:07Z</time>
  </trkpt>
  <trkpt lat="48.475291" lon="-5.059889">
    <ele>39</ele>
    <time>2018-04-23T09:44:17Z</time>
  </trkpt>
  <trkpt lat="48.475325" lon="-5.059662">
    <ele>41</ele>
    <time>2018-04-23T09:44:34Z</time>
  </trkpt>
  <trkpt lat="48.475380" lon="-5.059479">
    <ele>40</ele>
    <time>2018-04-23T09:44:51Z</time>
  </trkpt>
  <trkpt lat="48.475415" lon="-5.059340">
    <ele>38</ele>
    <time>2018-04-23T09:45:03Z</time>
  </trkpt>
  <trkpt lat="48.475381" lon="-5.059157">
    <ele>39</ele>
    <time>2018-04-23T09:45:18Z</time>
  </trkpt>
  <trkpt lat="48.475389" lon="-5.059017">
    <ele>40</ele>
    <time>2018-04-23T09:45:30Z</time>
  </trkpt>
  <trkpt lat="48.475500" lon="-5.058890">
    <ele>40</ele>
    <time>2018-04-23T09:45:46Z</time>
  </trkpt>
  <trkpt lat="48.475558" lon="-5.058738">
    <ele>40</ele>
    <time>2018-04-23T09:45:59Z</time>
  </trkpt>
  <trkpt lat="48.475609" lon="-5.058684">
    <ele>41</ele>
    <time>2018-04-23T09:46:06Z</time>
  </trkpt>
  <trkpt lat="48.475657" lon="-5.058492">
    <ele>41</ele>
    <time>2018-04-23T09:46:21Z</time>
  </trkpt>
  <trkpt lat="48.475680" lon="-5.058435">
    <ele>41</ele>
    <time>2018-04-23T09:46:25Z</time>
  </trkpt>
  <trkpt lat="48.475806" lon="-5.057972">
    <ele>44</ele>
    <time>2018-04-23T09:47:07Z</time>
  </trkpt>
  <trkpt lat="48.475869" lon="-5.057739">
    <ele>44</ele>
    <time>2018-04-23T09:47:25Z</time>
  </trkpt>
  <trkpt lat="48.475909" lon="-5.057555">
    <ele>45</ele>
    <time>2018-04-23T09:47:40Z</time>
  </trkpt>
  <trkpt lat="48.475972" lon="-5.057443">
    <ele>45</ele>
    <time>2018-04-23T09:47:50Z</time>
  </trkpt>
  <trkpt lat="48.476022" lon="-5.057317">
    <ele>45</ele>
    <time>2018-04-23T09:48:00Z</time>
  </trkpt>
  <trkpt lat="48.476100" lon="-5.057235">
    <ele>45</ele>
    <time>2018-04-23T09:48:10Z</time>
  </trkpt>
  <trkpt lat="48.476148" lon="-5.057119">
    <ele>44</ele>
    <time>2018-04-23T09:48:25Z</time>
  </trkpt>
  <trkpt lat="48.476175" lon="-5.057056">
    <ele>44</ele>
    <time>2018-04-23T09:49:55Z</time>
  </trkpt>
  <trkpt lat="48.476166" lon="-5.056985">
    <ele>44</ele>
    <time>2018-04-23T09:50:01Z</time>
  </trkpt>
  <trkpt lat="48.476183" lon="-5.056883">
    <ele>45</ele>
    <time>2018-04-23T09:50:09Z</time>
  </trkpt>
  <trkpt lat="48.476266" lon="-5.056686">
    <ele>44</ele>
    <time>2018-04-23T09:50:26Z</time>
  </trkpt>
  <trkpt lat="48.476313" lon="-5.056313">
    <ele>44</ele>
    <time>2018-04-23T09:51:04Z</time>
  </trkpt>
  <trkpt lat="48.476376" lon="-5.055910">
    <ele>42</ele>
    <time>2018-04-23T09:51:30Z</time>
  </trkpt>
  <trkpt lat="48.476425" lon="-5.055766">
    <ele>41</ele>
    <time>2018-04-23T09:51:43Z</time>
  </trkpt>
  <trkpt lat="48.476492" lon="-5.055602">
    <ele>43</ele>
    <time>2018-04-23T09:52:01Z</time>
  </trkpt>
  <trkpt lat="48.476674" lon="-5.055430">
    <ele>44</ele>
    <time>2018-04-23T09:52:26Z</time>
  </trkpt>
  <trkpt lat="48.476724" lon="-5.055317">
    <ele>45</ele>
    <time>2018-04-23T09:52:36Z</time>
  </trkpt>
  <trkpt lat="48.476725" lon="-5.055155">
    <ele>46</ele>
    <time>2018-04-23T09:52:49Z</time>
  </trkpt>
  <trkpt lat="48.476683" lon="-5.054888">
    <ele>45</ele>
    <time>2018-04-23T09:53:09Z</time>
  </trkpt>
  <trkpt lat="48.476673" lon="-5.054436">
    <ele>46</ele>
    <time>2018-04-23T09:53:40Z</time>
  </trkpt>
  <trkpt lat="48.476682" lon="-5.054158">
    <ele>47</ele>
    <time>2018-04-23T09:54:00Z</time>
  </trkpt>
  <trkpt lat="48.476725" lon="-5.054000">
    <ele>48</ele>
    <time>2018-04-23T09:54:11Z</time>
  </trkpt>
  <trkpt lat="48.476801" lon="-5.053859">
    <ele>48</ele>
    <time>2018-04-23T09:54:22Z</time>
  </trkpt>
  <trkpt lat="48.476901" lon="-5.053439">
    <ele>50</ele>
    <time>2018-04-23T09:54:53Z</time>
  </trkpt>
  <trkpt lat="48.476914" lon="-5.053218">
    <ele>52</ele>
    <time>2018-04-23T09:55:10Z</time>
  </trkpt>
  <trkpt lat="48.476683" lon="-5.052927">
    <ele>54</ele>
    <time>2018-04-23T09:55:47Z</time>
  </trkpt>
  <trkpt lat="48.476538" lon="-5.052780">
    <ele>55</ele>
    <time>2018-04-23T09:56:05Z</time>
  </trkpt>
  <trkpt lat="48.476379" lon="-5.052549">
    <ele>56</ele>
    <time>2018-04-23T09:56:29Z</time>
  </trkpt>
  <trkpt lat="48.476415" lon="-5.052202">
    <ele>54</ele>
    <time>2018-04-23T09:56:54Z</time>
  </trkpt>
  <trkpt lat="48.476397" lon="-5.052041">
    <ele>53</ele>
    <time>2018-04-23T09:57:08Z</time>
  </trkpt>
  <trkpt lat="48.476392" lon="-5.051936">
    <ele>52</ele>
    <time>2018-04-23T09:57:20Z</time>
  </trkpt>
  <trkpt lat="48.476334" lon="-5.051861">
    <ele>51</ele>
    <time>2018-04-23T09:57:31Z</time>
  </trkpt>
  <trkpt lat="48.476282" lon="-5.051846">
    <ele>52</ele>
    <time>2018-04-23T09:57:36Z</time>
  </trkpt>
  <trkpt lat="48.476126" lon="-5.051641">
    <ele>51</ele>
    <time>2018-04-23T09:57:58Z</time>
  </trkpt>
  </trkseg>
  <trkseg>
  <trkpt lat="48.476016" lon="-5.051862">
    <ele>54</ele>
    <time>2018-04-23T10:18:15Z</time>
  </trkpt>
  <trkpt lat="48.476016" lon="-5.051862">
    <ele>54</ele>
    <time>2018-04-23T10:18:15Z</time>
  </trkpt>
  <trkpt lat="48.475943" lon="-5.051813">
    <ele>54</ele>
    <time>2018-04-23T10:18:33Z</time>
  </trkpt>
  <trkpt lat="48.475896" lon="-5.051815">
    <ele>54</ele>
    <time>2018-04-23T10:18:37Z</time>
  </trkpt>
  <trkpt lat="48.475845" lon="-5.051820">
    <ele>54</ele>
    <time>2018-04-23T10:18:42Z</time>
  </trkpt>
  <trkpt lat="48.475730" lon="-5.051835">
    <ele>54</ele>
    <time>2018-04-23T10:18:56Z</time>
  </trkpt>
  <trkpt lat="48.475683" lon="-5.051826">
    <ele>54</ele>
    <time>2018-04-23T10:19:00Z</time>
  </trkpt>
  <trkpt lat="48.475635" lon="-5.051795">
    <ele>53</ele>
    <time>2018-04-23T10:19:05Z</time>
  </trkpt>
  <trkpt lat="48.475587" lon="-5.051779">
    <ele>52</ele>
    <time>2018-04-23T10:19:10Z</time>
  </trkpt>
  <trkpt lat="48.475605" lon="-5.052048">
    <ele>55</ele>
    <time>2018-04-23T10:19:35Z</time>
  </trkpt>
  <trkpt lat="48.475625" lon="-5.052110">
    <ele>56</ele>
    <time>2018-04-23T10:19:40Z</time>
  </trkpt>
  <trkpt lat="48.475609" lon="-5.052233">
    <ele>56</ele>
    <time>2018-04-23T10:19:51Z</time>
  </trkpt>
  <trkpt lat="48.475579" lon="-5.052301">
    <ele>55</ele>
    <time>2018-04-23T10:19:56Z</time>
  </trkpt>
  <trkpt lat="48.475591" lon="-5.052373">
    <ele>55</ele>
    <time>2018-04-23T10:20:01Z</time>
  </trkpt>
  <trkpt lat="48.475605" lon="-5.052452">
    <ele>55</ele>
    <time>2018-04-23T10:20:06Z</time>
  </trkpt>
  <trkpt lat="48.475597" lon="-5.052525">
    <ele>55</ele>
    <time>2018-04-23T10:20:11Z</time>
  </trkpt>
  <trkpt lat="48.475578" lon="-5.052606">
    <ele>55</ele>
    <time>2018-04-23T10:20:16Z</time>
  </trkpt>
  <trkpt lat="48.475548" lon="-5.052744">
    <ele>55</ele>
    <time>2018-04-23T10:20:24Z</time>
  </trkpt>
  <trkpt lat="48.475529" lon="-5.052808">
    <ele>56</ele>
    <time>2018-04-23T10:20:28Z</time>
  </trkpt>
  <trkpt lat="48.475468" lon="-5.053004">
    <ele>55</ele>
    <time>2018-04-23T10:20:41Z</time>
  </trkpt>
  <trkpt lat="48.475343" lon="-5.053244">
    <ele>54</ele>
    <time>2018-04-23T10:21:00Z</time>
  </trkpt>
  <trkpt lat="48.475303" lon="-5.053385">
    <ele>54</ele>
    <time>2018-04-23T10:21:08Z</time>
  </trkpt>
  <trkpt lat="48.475243" lon="-5.053515">
    <ele>54</ele>
    <time>2018-04-23T10:21:17Z</time>
  </trkpt>
  <trkpt lat="48.475121" lon="-5.053885">
    <ele>54</ele>
    <time>2018-04-23T10:21:40Z</time>
  </trkpt>
  <trkpt lat="48.474933" lon="-5.054319">
    <ele>54</ele>
    <time>2018-04-23T10:22:10Z</time>
  </trkpt>
  <trkpt lat="48.474874" lon="-5.054457">
    <ele>55</ele>
    <time>2018-04-23T10:22:20Z</time>
  </trkpt>
  <trkpt lat="48.474838" lon="-5.054519">
    <ele>56</ele>
    <time>2018-04-23T10:22:35Z</time>
  </trkpt>
  <trkpt lat="48.474662" lon="-5.054986">
    <ele>56</ele>
    <time>2018-04-23T10:23:07Z</time>
  </trkpt>
  <trkpt lat="48.474503" lon="-5.055426">
    <ele>57</ele>
    <time>2018-04-23T10:23:37Z</time>
  </trkpt>
  <trkpt lat="48.474395" lon="-5.055670">
    <ele>57</ele>
    <time>2018-04-23T10:23:55Z</time>
  </trkpt>
  <trkpt lat="48.474250" lon="-5.056169">
    <ele>58</ele>
    <time>2018-04-23T10:24:28Z</time>
  </trkpt>
  <trkpt lat="48.474235" lon="-5.056234">
    <ele>58</ele>
    <time>2018-04-23T10:24:32Z</time>
  </trkpt>
  <trkpt lat="48.474170" lon="-5.056536">
    <ele>58</ele>
    <time>2018-04-23T10:24:51Z</time>
  </trkpt>
  <trkpt lat="48.474158" lon="-5.056607">
    <ele>58</ele>
    <time>2018-04-23T10:24:55Z</time>
  </trkpt>
  <trkpt lat="48.474086" lon="-5.056876">
    <ele>57</ele>
    <time>2018-04-23T10:25:11Z</time>
  </trkpt>
  <trkpt lat="48.473903" lon="-5.057377">
    <ele>56</ele>
    <time>2018-04-23T10:25:44Z</time>
  </trkpt>
  <trkpt lat="48.473852" lon="-5.057492">
    <ele>55</ele>
    <time>2018-04-23T10:25:52Z</time>
  </trkpt>
  <trkpt lat="48.473717" lon="-5.057971">
    <ele>54</ele>
    <time>2018-04-23T10:26:21Z</time>
  </trkpt>
  <trkpt lat="48.473708" lon="-5.058046">
    <ele>54</ele>
    <time>2018-04-23T10:26:25Z</time>
  </trkpt>
  <trkpt lat="48.473634" lon="-5.058469">
    <ele>53</ele>
    <time>2018-04-23T10:26:51Z</time>
  </trkpt>
  <trkpt lat="48.473624" lon="-5.058546">
    <ele>53</ele>
    <time>2018-04-23T10:26:56Z</time>
  </trkpt>
  <trkpt lat="48.473613" lon="-5.058633">
    <ele>53</ele>
    <time>2018-04-23T10:27:01Z</time>
  </trkpt>
  <trkpt lat="48.473603" lon="-5.058704">
    <ele>52</ele>
    <time>2018-04-23T10:27:05Z</time>
  </trkpt>
  <trkpt lat="48.473579" lon="-5.059004">
    <ele>52</ele>
    <time>2018-04-23T10:27:22Z</time>
  </trkpt>
  <trkpt lat="48.473586" lon="-5.059091">
    <ele>52</ele>
    <time>2018-04-23T10:27:27Z</time>
  </trkpt>
  <trkpt lat="48.473582" lon="-5.059164">
    <ele>52</ele>
    <time>2018-04-23T10:27:31Z</time>
  </trkpt>
  <trkpt lat="48.473586" lon="-5.059236">
    <ele>51</ele>
    <time>2018-04-23T10:27:35Z</time>
  </trkpt>
  <trkpt lat="48.473602" lon="-5.059613">
    <ele>51</ele>
    <time>2018-04-23T10:27:55Z</time>
  </trkpt>
  <trkpt lat="48.473598" lon="-5.059691">
    <ele>52</ele>
    <time>2018-04-23T10:27:59Z</time>
  </trkpt>
  <trkpt lat="48.473593" lon="-5.059844">
    <ele>51</ele>
    <time>2018-04-23T10:28:07Z</time>
  </trkpt>
  <trkpt lat="48.473587" lon="-5.059919">
    <ele>51</ele>
    <time>2018-04-23T10:28:11Z</time>
  </trkpt>
  <trkpt lat="48.473617" lon="-5.060462">
    <ele>50</ele>
    <time>2018-04-23T10:28:40Z</time>
  </trkpt>
  <trkpt lat="48.473609" lon="-5.060548">
    <ele>50</ele>
    <time>2018-04-23T10:28:44Z</time>
  </trkpt>
  <trkpt lat="48.473620" lon="-5.060620">
    <ele>50</ele>
    <time>2018-04-23T10:28:48Z</time>
  </trkpt>
  <trkpt lat="48.473641" lon="-5.060697">
    <ele>50</ele>
    <time>2018-04-23T10:28:53Z</time>
  </trkpt>
  <trkpt lat="48.473642" lon="-5.060771">
    <ele>50</ele>
    <time>2018-04-23T10:28:57Z</time>
  </trkpt>
  <trkpt lat="48.473681" lon="-5.060979">
    <ele>50</ele>
    <time>2018-04-23T10:29:10Z</time>
  </trkpt>
  <trkpt lat="48.473682" lon="-5.061207">
    <ele>50</ele>
    <time>2018-04-23T10:29:24Z</time>
  </trkpt>
  <trkpt lat="48.473641" lon="-5.061503">
    <ele>50</ele>
    <time>2018-04-23T10:29:40Z</time>
  </trkpt>
  <trkpt lat="48.473630" lon="-5.061573">
    <ele>49</ele>
    <time>2018-04-23T10:29:44Z</time>
  </trkpt>
  <trkpt lat="48.473602" lon="-5.061708">
    <ele>49</ele>
    <time>2018-04-23T10:29:52Z</time>
  </trkpt>
  <trkpt lat="48.473578" lon="-5.061773">
    <ele>49</ele>
    <time>2018-04-23T10:29:56Z</time>
  </trkpt>
  <trkpt lat="48.473564" lon="-5.061846">
    <ele>50</ele>
    <time>2018-04-23T10:30:01Z</time>
  </trkpt>
  <trkpt lat="48.473516" lon="-5.061973">
    <ele>49</ele>
    <time>2018-04-23T10:30:08Z</time>
  </trkpt>
  <trkpt lat="48.473477" lon="-5.062105">
    <ele>50</ele>
    <time>2018-04-23T10:30:16Z</time>
  </trkpt>
  <trkpt lat="48.473456" lon="-5.062172">
    <ele>50</ele>
    <time>2018-04-23T10:30:20Z</time>
  </trkpt>
  <trkpt lat="48.473244" lon="-5.062691">
    <ele>50</ele>
    <time>2018-04-23T10:30:53Z</time>
  </trkpt>
  <trkpt lat="48.473003" lon="-5.063180">
    <ele>50</ele>
    <time>2018-04-23T10:31:26Z</time>
  </trkpt>
  <trkpt lat="48.472918" lon="-5.063395">
    <ele>50</ele>
    <time>2018-04-23T10:31:40Z</time>
  </trkpt>
  <trkpt lat="48.472770" lon="-5.063873">
    <ele>49</ele>
    <time>2018-04-23T10:32:11Z</time>
  </trkpt>
  <trkpt lat="48.472585" lon="-5.064415">
    <ele>49</ele>
    <time>2018-04-23T10:32:44Z</time>
  </trkpt>
  <trkpt lat="48.472504" lon="-5.064609">
    <ele>49</ele>
    <time>2018-04-23T10:32:56Z</time>
  </trkpt>
  <trkpt lat="48.472442" lon="-5.064719">
    <ele>49</ele>
    <time>2018-04-23T10:33:04Z</time>
  </trkpt>
  <trkpt lat="48.472365" lon="-5.064809">
    <ele>49</ele>
    <time>2018-04-23T10:33:12Z</time>
  </trkpt>
  <trkpt lat="48.472318" lon="-5.064857">
    <ele>49</ele>
    <time>2018-04-23T10:33:17Z</time>
  </trkpt>
  <trkpt lat="48.472177" lon="-5.064958">
    <ele>49</ele>
    <time>2018-04-23T10:33:30Z</time>
  </trkpt>
  <trkpt lat="48.471799" lon="-5.065149">
    <ele>49</ele>
    <time>2018-04-23T10:34:02Z</time>
  </trkpt>
  <trkpt lat="48.471713" lon="-5.065213">
    <ele>49</ele>
    <time>2018-04-23T10:34:10Z</time>
  </trkpt>
  <trkpt lat="48.471623" lon="-5.065292">
    <ele>49</ele>
    <time>2018-04-23T10:34:19Z</time>
  </trkpt>
  <trkpt lat="48.471569" lon="-5.065313">
    <ele>49</ele>
    <time>2018-04-23T10:34:23Z</time>
  </trkpt>
  <trkpt lat="48.471426" lon="-5.065390">
    <ele>49</ele>
    <time>2018-04-23T10:34:35Z</time>
  </trkpt>
  <trkpt lat="48.471352" lon="-5.065493">
    <ele>49</ele>
    <time>2018-04-23T10:34:44Z</time>
  </trkpt>
  <trkpt lat="48.471276" lon="-5.065680">
    <ele>49</ele>
    <time>2018-04-23T10:34:56Z</time>
  </trkpt>
  <trkpt lat="48.471260" lon="-5.065770">
    <ele>49</ele>
    <time>2018-04-23T10:35:01Z</time>
  </trkpt>
  <trkpt lat="48.471225" lon="-5.065853">
    <ele>49</ele>
    <time>2018-04-23T10:35:06Z</time>
  </trkpt>
  <trkpt lat="48.471174" lon="-5.066037">
    <ele>49</ele>
    <time>2018-04-23T10:35:17Z</time>
  </trkpt>
  <trkpt lat="48.471160" lon="-5.066148">
    <ele>49</ele>
    <time>2018-04-23T10:35:24Z</time>
  </trkpt>
  <trkpt lat="48.471167" lon="-5.066229">
    <ele>48</ele>
    <time>2018-04-23T10:35:28Z</time>
  </trkpt>
  <trkpt lat="48.471181" lon="-5.066301">
    <ele>48</ele>
    <time>2018-04-23T10:35:32Z</time>
  </trkpt>
  <trkpt lat="48.471142" lon="-5.066453">
    <ele>48</ele>
    <time>2018-04-23T10:35:40Z</time>
  </trkpt>
  <trkpt lat="48.471133" lon="-5.066599">
    <ele>47</ele>
    <time>2018-04-23T10:35:48Z</time>
  </trkpt>
  <trkpt lat="48.471074" lon="-5.066817">
    <ele>47</ele>
    <time>2018-04-23T10:35:59Z</time>
  </trkpt>
  <trkpt lat="48.471053" lon="-5.067069">
    <ele>47</ele>
    <time>2018-04-23T10:36:14Z</time>
  </trkpt>
  <trkpt lat="48.471038" lon="-5.067142">
    <ele>47</ele>
    <time>2018-04-23T10:36:18Z</time>
  </trkpt>
  <trkpt lat="48.471021" lon="-5.067224">
    <ele>47</ele>
    <time>2018-04-23T10:36:23Z</time>
  </trkpt>
  <trkpt lat="48.470971" lon="-5.067510">
    <ele>47</ele>
    <time>2018-04-23T10:36:39Z</time>
  </trkpt>
  <trkpt lat="48.470956" lon="-5.067662">
    <ele>46</ele>
    <time>2018-04-23T10:36:48Z</time>
  </trkpt>
  <trkpt lat="48.470946" lon="-5.067731">
    <ele>45</ele>
    <time>2018-04-23T10:36:52Z</time>
  </trkpt>
  <trkpt lat="48.470930" lon="-5.067806">
    <ele>45</ele>
    <time>2018-04-23T10:36:57Z</time>
  </trkpt>
  <trkpt lat="48.470909" lon="-5.067868">
    <ele>46</ele>
    <time>2018-04-23T10:37:01Z</time>
  </trkpt>
  <trkpt lat="48.470896" lon="-5.067938">
    <ele>46</ele>
    <time>2018-04-23T10:37:05Z</time>
  </trkpt>
  <trkpt lat="48.470889" lon="-5.068012">
    <ele>46</ele>
    <time>2018-04-23T10:37:09Z</time>
  </trkpt>
  <trkpt lat="48.470875" lon="-5.068084">
    <ele>46</ele>
    <time>2018-04-23T10:37:13Z</time>
  </trkpt>
  <trkpt lat="48.470864" lon="-5.068165">
    <ele>45</ele>
    <time>2018-04-23T10:37:17Z</time>
  </trkpt>
  <trkpt lat="48.470856" lon="-5.068243">
    <ele>46</ele>
    <time>2018-04-23T10:37:21Z</time>
  </trkpt>
  <trkpt lat="48.470783" lon="-5.068531">
    <ele>45</ele>
    <time>2018-04-23T10:37:37Z</time>
  </trkpt>
  <trkpt lat="48.470583" lon="-5.069060">
    <ele>43</ele>
    <time>2018-04-23T10:38:10Z</time>
  </trkpt>
  <trkpt lat="48.470565" lon="-5.069133">
    <ele>43</ele>
    <time>2018-04-23T10:38:14Z</time>
  </trkpt>
  <trkpt lat="48.470533" lon="-5.069271">
    <ele>43</ele>
    <time>2018-04-23T10:38:22Z</time>
  </trkpt>
  <trkpt lat="48.470507" lon="-5.069340">
    <ele>43</ele>
    <time>2018-04-23T10:38:27Z</time>
  </trkpt>
  <trkpt lat="48.470450" lon="-5.069469">
    <ele>42</ele>
    <time>2018-04-23T10:38:36Z</time>
  </trkpt>
  <trkpt lat="48.470284" lon="-5.070000">
    <ele>42</ele>
    <time>2018-04-23T10:39:08Z</time>
  </trkpt>
  <trkpt lat="48.470098" lon="-5.070547">
    <ele>42</ele>
    <time>2018-04-23T10:39:41Z</time>
  </trkpt>
  <trkpt lat="48.469813" lon="-5.070979">
    <ele>41</ele>
    <time>2018-04-23T10:40:15Z</time>
  </trkpt>
  <trkpt lat="48.469663" lon="-5.071300">
    <ele>41</ele>
    <time>2018-04-23T10:40:35Z</time>
  </trkpt>
  <trkpt lat="48.469516" lon="-5.071882">
    <ele>40</ele>
    <time>2018-04-23T10:41:08Z</time>
  </trkpt>
  <trkpt lat="48.469448" lon="-5.072102">
    <ele>40</ele>
    <time>2018-04-23T10:41:20Z</time>
  </trkpt>
  <trkpt lat="48.469342" lon="-5.072259">
    <ele>40</ele>
    <time>2018-04-23T10:41:33Z</time>
  </trkpt>
  <trkpt lat="48.469263" lon="-5.072347">
    <ele>40</ele>
    <time>2018-04-23T10:41:41Z</time>
  </trkpt>
  <trkpt lat="48.469118" lon="-5.072419">
    <ele>40</ele>
    <time>2018-04-23T10:41:53Z</time>
  </trkpt>
  <trkpt lat="48.468912" lon="-5.072370">
    <ele>39</ele>
    <time>2018-04-23T10:42:09Z</time>
  </trkpt>
  <trkpt lat="48.468811" lon="-5.072313">
    <ele>39</ele>
    <time>2018-04-23T10:42:19Z</time>
  </trkpt>
  <trkpt lat="48.468716" lon="-5.072245">
    <ele>39</ele>
    <time>2018-04-23T10:42:27Z</time>
  </trkpt>
  <trkpt lat="48.468665" lon="-5.072217">
    <ele>38</ele>
    <time>2018-04-23T10:42:32Z</time>
  </trkpt>
  <trkpt lat="48.468519" lon="-5.072134">
    <ele>38</ele>
    <time>2018-04-23T10:42:45Z</time>
  </trkpt>
  <trkpt lat="48.468469" lon="-5.072119">
    <ele>38</ele>
    <time>2018-04-23T10:42:49Z</time>
  </trkpt>
  <trkpt lat="48.468268" lon="-5.072141">
    <ele>38</ele>
    <time>2018-04-23T10:43:04Z</time>
  </trkpt>
  <trkpt lat="48.468224" lon="-5.072163">
    <ele>38</ele>
    <time>2018-04-23T10:43:08Z</time>
  </trkpt>
  <trkpt lat="48.468136" lon="-5.072226">
    <ele>39</ele>
    <time>2018-04-23T10:43:15Z</time>
  </trkpt>
  <trkpt lat="48.468103" lon="-5.072284">
    <ele>39</ele>
    <time>2018-04-23T10:43:19Z</time>
  </trkpt>
  <trkpt lat="48.468042" lon="-5.072415">
    <ele>39</ele>
    <time>2018-04-23T10:43:27Z</time>
  </trkpt>
  <trkpt lat="48.467978" lon="-5.072527">
    <ele>38</ele>
    <time>2018-04-23T10:43:35Z</time>
  </trkpt>
  <trkpt lat="48.467926" lon="-5.072642">
    <ele>38</ele>
    <time>2018-04-23T10:43:43Z</time>
  </trkpt>
  <trkpt lat="48.467897" lon="-5.072694">
    <ele>38</ele>
    <time>2018-04-23T10:43:47Z</time>
  </trkpt>
  <trkpt lat="48.467734" lon="-5.072966">
    <ele>37</ele>
    <time>2018-04-23T10:44:07Z</time>
  </trkpt>
  <trkpt lat="48.467662" lon="-5.073081">
    <ele>37</ele>
    <time>2018-04-23T10:44:15Z</time>
  </trkpt>
  <trkpt lat="48.467597" lon="-5.073195">
    <ele>36</ele>
    <time>2018-04-23T10:44:23Z</time>
  </trkpt>
  <trkpt lat="48.467569" lon="-5.073258">
    <ele>36</ele>
    <time>2018-04-23T10:44:27Z</time>
  </trkpt>
  <trkpt lat="48.467570" lon="-5.073426">
    <ele>36</ele>
    <time>2018-04-23T10:44:37Z</time>
  </trkpt>
  <trkpt lat="48.467623" lon="-5.073792">
    <ele>37</ele>
    <time>2018-04-23T10:44:57Z</time>
  </trkpt>
  <trkpt lat="48.467644" lon="-5.073866">
    <ele>37</ele>
    <time>2018-04-23T10:45:01Z</time>
  </trkpt>
  <trkpt lat="48.467660" lon="-5.073942">
    <ele>37</ele>
    <time>2018-04-23T10:45:05Z</time>
  </trkpt>
  <trkpt lat="48.467668" lon="-5.074176">
    <ele>37</ele>
    <time>2018-04-23T10:45:16Z</time>
  </trkpt>
  <trkpt lat="48.467686" lon="-5.074251">
    <ele>37</ele>
    <time>2018-04-23T10:45:21Z</time>
  </trkpt>
  <trkpt lat="48.467712" lon="-5.074886">
    <ele>36</ele>
    <time>2018-04-23T10:45:55Z</time>
  </trkpt>
  <trkpt lat="48.467741" lon="-5.075043">
    <ele>36</ele>
    <time>2018-04-23T10:46:05Z</time>
  </trkpt>
  <trkpt lat="48.467753" lon="-5.075354">
    <ele>36</ele>
    <time>2018-04-23T10:46:22Z</time>
  </trkpt>
  <trkpt lat="48.467771" lon="-5.075497">
    <ele>35</ele>
    <time>2018-04-23T10:46:30Z</time>
  </trkpt>
  <trkpt lat="48.467763" lon="-5.075906">
    <ele>33</ele>
    <time>2018-04-23T10:46:50Z</time>
  </trkpt>
  <trkpt lat="48.467788" lon="-5.076503">
    <ele>31</ele>
    <time>2018-04-23T10:47:21Z</time>
  </trkpt>
  <trkpt lat="48.467818" lon="-5.076650">
    <ele>31</ele>
    <time>2018-04-23T10:47:30Z</time>
  </trkpt>
  <trkpt lat="48.467810" lon="-5.076876">
    <ele>31</ele>
    <time>2018-04-23T10:47:42Z</time>
  </trkpt>
  <trkpt lat="48.467801" lon="-5.076951">
    <ele>31</ele>
    <time>2018-04-23T10:47:46Z</time>
  </trkpt>
  <trkpt lat="48.467806" lon="-5.077183">
    <ele>31</ele>
    <time>2018-04-23T10:47:58Z</time>
  </trkpt>
  <trkpt lat="48.467794" lon="-5.077260">
    <ele>31</ele>
    <time>2018-04-23T10:48:02Z</time>
  </trkpt>
  <trkpt lat="48.467787" lon="-5.077329">
    <ele>31</ele>
    <time>2018-04-23T10:48:06Z</time>
  </trkpt>
  <trkpt lat="48.467704" lon="-5.077630">
    <ele>31</ele>
    <time>2018-04-23T10:48:22Z</time>
  </trkpt>
  <trkpt lat="48.467532" lon="-5.078204">
    <ele>31</ele>
    <time>2018-04-23T10:48:55Z</time>
  </trkpt>
  <trkpt lat="48.467409" lon="-5.078804">
    <ele>32</ele>
    <time>2018-04-23T10:49:29Z</time>
  </trkpt>
  <trkpt lat="48.467402" lon="-5.078878">
    <ele>33</ele>
    <time>2018-04-23T10:49:33Z</time>
  </trkpt>
  <trkpt lat="48.467363" lon="-5.079076">
    <ele>33</ele>
    <time>2018-04-23T10:49:41Z</time>
  </trkpt>
  <trkpt lat="48.467352" lon="-5.079226">
    <ele>33</ele>
    <time>2018-04-23T10:49:49Z</time>
  </trkpt>
  <trkpt lat="48.467355" lon="-5.079298">
    <ele>33</ele>
    <time>2018-04-23T10:49:53Z</time>
  </trkpt>
  <trkpt lat="48.467368" lon="-5.079438">
    <ele>33</ele>
    <time>2018-04-23T10:50:01Z</time>
  </trkpt>
  <trkpt lat="48.467406" lon="-5.079729">
    <ele>33</ele>
    <time>2018-04-23T10:50:18Z</time>
  </trkpt>
  <trkpt lat="48.467410" lon="-5.079807">
    <ele>33</ele>
    <time>2018-04-23T10:50:22Z</time>
  </trkpt>
  <trkpt lat="48.467403" lon="-5.079882">
    <ele>33</ele>
    <time>2018-04-23T10:50:26Z</time>
  </trkpt>
  <trkpt lat="48.467390" lon="-5.080028">
    <ele>33</ele>
    <time>2018-04-23T10:50:34Z</time>
  </trkpt>
  <trkpt lat="48.467360" lon="-5.080175">
    <ele>33</ele>
    <time>2018-04-23T10:50:42Z</time>
  </trkpt>
  <trkpt lat="48.467299" lon="-5.080360">
    <ele>34</ele>
    <time>2018-04-23T10:50:56Z</time>
  </trkpt>
  <trkpt lat="48.467268" lon="-5.080419">
    <ele>34</ele>
    <time>2018-04-23T10:51:00Z</time>
  </trkpt>
  <trkpt lat="48.467128" lon="-5.080939">
    <ele>36</ele>
    <time>2018-04-23T10:51:29Z</time>
  </trkpt>
  <trkpt lat="48.467070" lon="-5.081077">
    <ele>36</ele>
    <time>2018-04-23T10:51:37Z</time>
  </trkpt>
  <trkpt lat="48.467040" lon="-5.081140">
    <ele>36</ele>
    <time>2018-04-23T10:51:41Z</time>
  </trkpt>
  <trkpt lat="48.466978" lon="-5.081253">
    <ele>35</ele>
    <time>2018-04-23T10:51:50Z</time>
  </trkpt>
  <trkpt lat="48.466933" lon="-5.081304">
    <ele>35</ele>
    <time>2018-04-23T10:51:54Z</time>
  </trkpt>
  <trkpt lat="48.466856" lon="-5.081447">
    <ele>34</ele>
    <time>2018-04-23T10:52:04Z</time>
  </trkpt>
  <trkpt lat="48.466799" lon="-5.081558">
    <ele>35</ele>
    <time>2018-04-23T10:52:12Z</time>
  </trkpt>
  <trkpt lat="48.466736" lon="-5.081671">
    <ele>34</ele>
    <time>2018-04-23T10:52:20Z</time>
  </trkpt>
  <trkpt lat="48.466694" lon="-5.081713">
    <ele>34</ele>
    <time>2018-04-23T10:52:24Z</time>
  </trkpt>
  <trkpt lat="48.466651" lon="-5.081759">
    <ele>34</ele>
    <time>2018-04-23T10:52:28Z</time>
  </trkpt>
  <trkpt lat="48.466340" lon="-5.082140">
    <ele>35</ele>
    <time>2018-04-23T10:53:00Z</time>
  </trkpt>
  <trkpt lat="48.466300" lon="-5.082186">
    <ele>35</ele>
    <time>2018-04-23T10:53:04Z</time>
  </trkpt>
  <trkpt lat="48.466220" lon="-5.082279">
    <ele>34</ele>
    <time>2018-04-23T10:53:12Z</time>
  </trkpt>
  <trkpt lat="48.466181" lon="-5.082327">
    <ele>35</ele>
    <time>2018-04-23T10:53:16Z</time>
  </trkpt>
  <trkpt lat="48.465862" lon="-5.082700">
    <ele>35</ele>
    <time>2018-04-23T10:53:48Z</time>
  </trkpt>
  <trkpt lat="48.465770" lon="-5.082773">
    <ele>35</ele>
    <time>2018-04-23T10:53:56Z</time>
  </trkpt>
  <trkpt lat="48.465669" lon="-5.082807">
    <ele>35</ele>
    <time>2018-04-23T10:54:04Z</time>
  </trkpt>
  <trkpt lat="48.465270" lon="-5.082846">
    <ele>35</ele>
    <time>2018-04-23T10:54:36Z</time>
  </trkpt>
  <trkpt lat="48.465121" lon="-5.082851">
    <ele>34</ele>
    <time>2018-04-23T10:54:48Z</time>
  </trkpt>
  <trkpt lat="48.465063" lon="-5.082842">
    <ele>34</ele>
    <time>2018-04-23T10:55:04Z</time>
  </trkpt>
  <trkpt lat="48.465016" lon="-5.082790">
    <ele>34</ele>
    <time>2018-04-23T10:55:09Z</time>
  </trkpt>
  <trkpt lat="48.464988" lon="-5.082736">
    <ele>34</ele>
    <time>2018-04-23T10:55:13Z</time>
  </trkpt>
  <trkpt lat="48.464944" lon="-5.082729">
    <ele>34</ele>
    <time>2018-04-23T10:55:23Z</time>
  </trkpt>
  <trkpt lat="48.464958" lon="-5.082703">
    <ele>34</ele>
    <time>2018-04-23T10:55:40Z</time>
  </trkpt>
  <trkpt lat="48.465018" lon="-5.082753">
    <ele>35</ele>
    <time>2018-04-23T10:55:47Z</time>
  </trkpt>
  <trkpt lat="48.465089" lon="-5.082858">
    <ele>34</ele>
    <time>2018-04-23T10:55:55Z</time>
  </trkpt>
  <trkpt lat="48.465180" lon="-5.082910">
    <ele>35</ele>
    <time>2018-04-23T10:56:03Z</time>
  </trkpt>
  <trkpt lat="48.465215" lon="-5.082962">
    <ele>35</ele>
    <time>2018-04-23T10:56:07Z</time>
  </trkpt>
  <trkpt lat="48.465244" lon="-5.083024">
    <ele>35</ele>
    <time>2018-04-23T10:56:11Z</time>
  </trkpt>
  <trkpt lat="48.465300" lon="-5.083139">
    <ele>35</ele>
    <time>2018-04-23T10:56:19Z</time>
  </trkpt>
  <trkpt lat="48.465341" lon="-5.083183">
    <ele>35</ele>
    <time>2018-04-23T10:56:23Z</time>
  </trkpt>
  <trkpt lat="48.465470" lon="-5.083406">
    <ele>36</ele>
    <time>2018-04-23T10:56:39Z</time>
  </trkpt>
  <trkpt lat="48.465585" lon="-5.083568">
    <ele>35</ele>
    <time>2018-04-23T10:56:51Z</time>
  </trkpt>
  <trkpt lat="48.465611" lon="-5.083636">
    <ele>35</ele>
    <time>2018-04-23T10:56:56Z</time>
  </trkpt>
  <trkpt lat="48.465621" lon="-5.083707">
    <ele>35</ele>
    <time>2018-04-23T10:57:00Z</time>
  </trkpt>
  <trkpt lat="48.465615" lon="-5.083787">
    <ele>35</ele>
    <time>2018-04-23T10:57:04Z</time>
  </trkpt>
  <trkpt lat="48.465621" lon="-5.083857">
    <ele>35</ele>
    <time>2018-04-23T10:57:08Z</time>
  </trkpt>
  <trkpt lat="48.465666" lon="-5.083985">
    <ele>34</ele>
    <time>2018-04-23T10:57:16Z</time>
  </trkpt>
  <trkpt lat="48.465678" lon="-5.084050">
    <ele>33</ele>
    <time>2018-04-23T10:57:21Z</time>
  </trkpt>
  <trkpt lat="48.465691" lon="-5.084118">
    <ele>34</ele>
    <time>2018-04-23T10:57:25Z</time>
  </trkpt>
  <trkpt lat="48.465699" lon="-5.084201">
    <ele>33</ele>
    <time>2018-04-23T10:57:30Z</time>
  </trkpt>
  <trkpt lat="48.465685" lon="-5.084502">
    <ele>31</ele>
    <time>2018-04-23T10:57:46Z</time>
  </trkpt>
  <trkpt lat="48.465666" lon="-5.084576">
    <ele>30</ele>
    <time>2018-04-23T10:57:51Z</time>
  </trkpt>
  <trkpt lat="48.465372" lon="-5.084913">
    <ele>30</ele>
    <time>2018-04-23T10:58:23Z</time>
  </trkpt>
  <trkpt lat="48.465237" lon="-5.085057">
    <ele>30</ele>
    <time>2018-04-23T10:58:39Z</time>
  </trkpt>
  <trkpt lat="48.465182" lon="-5.085078">
    <ele>30</ele>
    <time>2018-04-23T10:58:44Z</time>
  </trkpt>
  <trkpt lat="48.464990" lon="-5.085155">
    <ele>29</ele>
    <time>2018-04-23T10:59:03Z</time>
  </trkpt>
  <trkpt lat="48.464857" lon="-5.085160">
    <ele>29</ele>
    <time>2018-04-23T10:59:17Z</time>
  </trkpt>
  <trkpt lat="48.464804" lon="-5.085175">
    <ele>28</ele>
    <time>2018-04-23T10:59:22Z</time>
  </trkpt>
  <trkpt lat="48.464706" lon="-5.085159">
    <ele>28</ele>
    <time>2018-04-23T10:59:30Z</time>
  </trkpt>
  <trkpt lat="48.464656" lon="-5.085164">
    <ele>28</ele>
    <time>2018-04-23T10:59:34Z</time>
  </trkpt>
  <trkpt lat="48.464602" lon="-5.085158">
    <ele>28</ele>
    <time>2018-04-23T10:59:39Z</time>
  </trkpt>
  <trkpt lat="48.464551" lon="-5.085168">
    <ele>28</ele>
    <time>2018-04-23T10:59:44Z</time>
  </trkpt>
  <trkpt lat="48.464504" lon="-5.085207">
    <ele>27</ele>
    <time>2018-04-23T10:59:49Z</time>
  </trkpt>
  <trkpt lat="48.464315" lon="-5.085576">
    <ele>27</ele>
    <time>2018-04-23T11:00:21Z</time>
  </trkpt>
  <trkpt lat="48.464294" lon="-5.085653">
    <ele>27</ele>
    <time>2018-04-23T11:00:26Z</time>
  </trkpt>
  <trkpt lat="48.464269" lon="-5.085801">
    <ele>26</ele>
    <time>2018-04-23T11:00:35Z</time>
  </trkpt>
  <trkpt lat="48.464167" lon="-5.086073">
    <ele>27</ele>
    <time>2018-04-23T11:00:57Z</time>
  </trkpt>
  <trkpt lat="48.464157" lon="-5.086144">
    <ele>27</ele>
    <time>2018-04-23T11:01:02Z</time>
  </trkpt>
  <trkpt lat="48.464140" lon="-5.086211">
    <ele>26</ele>
    <time>2018-04-23T11:01:07Z</time>
  </trkpt>
  <trkpt lat="48.464118" lon="-5.086275">
    <ele>26</ele>
    <time>2018-04-23T11:01:12Z</time>
  </trkpt>
  <trkpt lat="48.464075" lon="-5.086393">
    <ele>26</ele>
    <time>2018-04-23T11:01:20Z</time>
  </trkpt>
  <trkpt lat="48.464060" lon="-5.086487">
    <ele>27</ele>
    <time>2018-04-23T11:01:27Z</time>
  </trkpt>
  <trkpt lat="48.464040" lon="-5.086628">
    <ele>26</ele>
    <time>2018-04-23T11:01:35Z</time>
  </trkpt>
  <trkpt lat="48.463908" lon="-5.087044">
    <ele>27</ele>
    <time>2018-04-23T11:02:06Z</time>
  </trkpt>
  <trkpt lat="48.463857" lon="-5.087174">
    <ele>26</ele>
    <time>2018-04-23T11:02:15Z</time>
  </trkpt>
  <trkpt lat="48.463831" lon="-5.087245">
    <ele>27</ele>
    <time>2018-04-23T11:02:20Z</time>
  </trkpt>
  <trkpt lat="48.463768" lon="-5.087486">
    <ele>27</ele>
    <time>2018-04-23T11:02:37Z</time>
  </trkpt>
  <trkpt lat="48.463738" lon="-5.087557">
    <ele>27</ele>
    <time>2018-04-23T11:02:42Z</time>
  </trkpt>
  <trkpt lat="48.463643" lon="-5.087782">
    <ele>27</ele>
    <time>2018-04-23T11:03:01Z</time>
  </trkpt>
  <trkpt lat="48.463593" lon="-5.087910">
    <ele>28</ele>
    <time>2018-04-23T11:03:10Z</time>
  </trkpt>
  <trkpt lat="48.463575" lon="-5.087969">
    <ele>28</ele>
    <time>2018-04-23T11:03:14Z</time>
  </trkpt>
  <trkpt lat="48.463554" lon="-5.088026">
    <ele>27</ele>
    <time>2018-04-23T11:03:19Z</time>
  </trkpt>
  <trkpt lat="48.463522" lon="-5.088076">
    <ele>28</ele>
    <time>2018-04-23T11:03:32Z</time>
  </trkpt>
  <trkpt lat="48.463514" lon="-5.088155">
    <ele>28</ele>
    <time>2018-04-23T11:05:52Z</time>
  </trkpt>
  <trkpt lat="48.463543" lon="-5.088404">
    <ele>28</ele>
    <time>2018-04-23T11:06:03Z</time>
  </trkpt>
  <trkpt lat="48.463598" lon="-5.088636">
    <ele>27</ele>
    <time>2018-04-23T11:06:15Z</time>
  </trkpt>
  <trkpt lat="48.463649" lon="-5.088776">
    <ele>27</ele>
    <time>2018-04-23T11:06:25Z</time>
  </trkpt>
  <trkpt lat="48.463657" lon="-5.088857">
    <ele>27</ele>
    <time>2018-04-23T11:06:29Z</time>
  </trkpt>
  <trkpt lat="48.463677" lon="-5.088926">
    <ele>27</ele>
    <time>2018-04-23T11:06:33Z</time>
  </trkpt>
  <trkpt lat="48.463686" lon="-5.089005">
    <ele>27</ele>
    <time>2018-04-23T11:06:37Z</time>
  </trkpt>
  <trkpt lat="48.463724" lon="-5.089220">
    <ele>25</ele>
    <time>2018-04-23T11:06:49Z</time>
  </trkpt>
  <trkpt lat="48.463737" lon="-5.089498">
    <ele>25</ele>
    <time>2018-04-23T11:07:04Z</time>
  </trkpt>
  <trkpt lat="48.463740" lon="-5.089567">
    <ele>24</ele>
    <time>2018-04-23T11:07:08Z</time>
  </trkpt>
  <trkpt lat="48.463744" lon="-5.089645">
    <ele>23</ele>
    <time>2018-04-23T11:07:13Z</time>
  </trkpt>
  <trkpt lat="48.463752" lon="-5.089727">
    <ele>24</ele>
    <time>2018-04-23T11:07:18Z</time>
  </trkpt>
  <trkpt lat="48.463758" lon="-5.090018">
    <ele>23</ele>
    <time>2018-04-23T11:07:35Z</time>
  </trkpt>
  <trkpt lat="48.463752" lon="-5.090089">
    <ele>22</ele>
    <time>2018-04-23T11:07:39Z</time>
  </trkpt>
  <trkpt lat="48.463756" lon="-5.090229">
    <ele>22</ele>
    <time>2018-04-23T11:07:47Z</time>
  </trkpt>
  <trkpt lat="48.463804" lon="-5.090354">
    <ele>22</ele>
    <time>2018-04-23T11:07:56Z</time>
  </trkpt>
  <trkpt lat="48.463895" lon="-5.090499">
    <ele>21</ele>
    <time>2018-04-23T11:08:11Z</time>
  </trkpt>
  <trkpt lat="48.463918" lon="-5.090559">
    <ele>21</ele>
    <time>2018-04-23T11:08:19Z</time>
  </trkpt>
  <trkpt lat="48.463952" lon="-5.090621">
    <ele>21</ele>
    <time>2018-04-23T11:08:31Z</time>
  </trkpt>
  <trkpt lat="48.463992" lon="-5.090660">
    <ele>21</ele>
    <time>2018-04-23T11:08:36Z</time>
  </trkpt>
  <trkpt lat="48.464134" lon="-5.090904">
    <ele>22</ele>
    <time>2018-04-23T11:09:05Z</time>
  </trkpt>
  <trkpt lat="48.464145" lon="-5.090982">
    <ele>22</ele>
    <time>2018-04-23T11:09:10Z</time>
  </trkpt>
  <trkpt lat="48.464187" lon="-5.091111">
    <ele>22</ele>
    <time>2018-04-23T11:09:18Z</time>
  </trkpt>
  <trkpt lat="48.464217" lon="-5.091161">
    <ele>22</ele>
    <time>2018-04-23T11:09:29Z</time>
  </trkpt>
  <trkpt lat="48.464211" lon="-5.091248">
    <ele>22</ele>
    <time>2018-04-23T11:09:40Z</time>
  </trkpt>
  <trkpt lat="48.464222" lon="-5.091328">
    <ele>22</ele>
    <time>2018-04-23T11:09:44Z</time>
  </trkpt>
  <trkpt lat="48.464252" lon="-5.091382">
    <ele>23</ele>
    <time>2018-04-23T11:09:48Z</time>
  </trkpt>
  <trkpt lat="48.464275" lon="-5.091461">
    <ele>23</ele>
    <time>2018-04-23T11:09:52Z</time>
  </trkpt>
  <trkpt lat="48.464310" lon="-5.091511">
    <ele>22</ele>
    <time>2018-04-23T11:09:56Z</time>
  </trkpt>
  <trkpt lat="48.464344" lon="-5.091559">
    <ele>22</ele>
    <time>2018-04-23T11:10:00Z</time>
  </trkpt>
  <trkpt lat="48.464391" lon="-5.091691">
    <ele>23</ele>
    <time>2018-04-23T11:10:10Z</time>
  </trkpt>
  <trkpt lat="48.464435" lon="-5.091829">
    <ele>23</ele>
    <time>2018-04-23T11:10:20Z</time>
  </trkpt>
  <trkpt lat="48.464489" lon="-5.091918">
    <ele>23</ele>
    <time>2018-04-23T11:10:29Z</time>
  </trkpt>
  <trkpt lat="48.464526" lon="-5.092042">
    <ele>23</ele>
    <time>2018-04-23T11:10:40Z</time>
  </trkpt>
  <trkpt lat="48.464539" lon="-5.092123">
    <ele>22</ele>
    <time>2018-04-23T11:10:52Z</time>
  </trkpt>
  <trkpt lat="48.464521" lon="-5.092203">
    <ele>22</ele>
    <time>2018-04-23T11:11:22Z</time>
  </trkpt>
  <trkpt lat="48.464568" lon="-5.092269">
    <ele>22</ele>
    <time>2018-04-23T11:11:46Z</time>
  </trkpt>
  <trkpt lat="48.464584" lon="-5.092347">
    <ele>22</ele>
    <time>2018-04-23T11:12:16Z</time>
  </trkpt>
  <trkpt lat="48.464601" lon="-5.092423">
    <ele>22</ele>
    <time>2018-04-23T11:12:21Z</time>
  </trkpt>
  <trkpt lat="48.464628" lon="-5.092476">
    <ele>22</ele>
    <time>2018-04-23T11:12:25Z</time>
  </trkpt>
  <trkpt lat="48.464639" lon="-5.092568">
    <ele>23</ele>
    <time>2018-04-23T11:12:31Z</time>
  </trkpt>
  <trkpt lat="48.464647" lon="-5.092633">
    <ele>22</ele>
    <time>2018-04-23T11:12:36Z</time>
  </trkpt>
  <trkpt lat="48.464645" lon="-5.092722">
    <ele>22</ele>
    <time>2018-04-23T11:12:44Z</time>
  </trkpt>
  <trkpt lat="48.464669" lon="-5.092791">
    <ele>22</ele>
    <time>2018-04-23T11:12:48Z</time>
  </trkpt>
  <trkpt lat="48.464696" lon="-5.092858">
    <ele>22</ele>
    <time>2018-04-23T11:12:52Z</time>
  </trkpt>
  <trkpt lat="48.464778" lon="-5.092930">
    <ele>22</ele>
    <time>2018-04-23T11:13:00Z</time>
  </trkpt>
  <trkpt lat="48.464843" lon="-5.093037">
    <ele>22</ele>
    <time>2018-04-23T11:13:10Z</time>
  </trkpt>
  <trkpt lat="48.464862" lon="-5.093112">
    <ele>22</ele>
    <time>2018-04-23T11:13:17Z</time>
  </trkpt>
  <trkpt lat="48.464908" lon="-5.093238">
    <ele>22</ele>
    <time>2018-04-23T11:13:37Z</time>
  </trkpt>
  <trkpt lat="48.464914" lon="-5.093378">
    <ele>22</ele>
    <time>2018-04-23T11:13:45Z</time>
  </trkpt>
  <trkpt lat="48.464946" lon="-5.093518">
    <ele>22</ele>
    <time>2018-04-23T11:13:53Z</time>
  </trkpt>
  <trkpt lat="48.464969" lon="-5.093664">
    <ele>23</ele>
    <time>2018-04-23T11:14:01Z</time>
  </trkpt>
  <trkpt lat="48.464989" lon="-5.093728">
    <ele>23</ele>
    <time>2018-04-23T11:14:05Z</time>
  </trkpt>
  <trkpt lat="48.465021" lon="-5.093792">
    <ele>23</ele>
    <time>2018-04-23T11:14:10Z</time>
  </trkpt>
  <trkpt lat="48.465042" lon="-5.093867">
    <ele>23</ele>
    <time>2018-04-23T11:14:15Z</time>
  </trkpt>
  <trkpt lat="48.465018" lon="-5.093945">
    <ele>23</ele>
    <time>2018-04-23T11:14:23Z</time>
  </trkpt>
  <trkpt lat="48.464965" lon="-5.093959">
    <ele>23</ele>
    <time>2018-04-23T11:14:28Z</time>
  </trkpt>
  <trkpt lat="48.464811" lon="-5.093950">
    <ele>23</ele>
    <time>2018-04-23T11:14:42Z</time>
  </trkpt>
  <trkpt lat="48.464765" lon="-5.093944">
    <ele>24</ele>
    <time>2018-04-23T11:14:47Z</time>
  </trkpt>
  <trkpt lat="48.464454" lon="-5.093908">
    <ele>25</ele>
    <time>2018-04-23T11:15:17Z</time>
  </trkpt>
  <trkpt lat="48.464098" lon="-5.093792">
    <ele>24</ele>
    <time>2018-04-23T11:15:49Z</time>
  </trkpt>
  <trkpt lat="48.463694" lon="-5.093885">
    <ele>23</ele>
    <time>2018-04-23T11:16:23Z</time>
  </trkpt>
  <trkpt lat="48.463645" lon="-5.093895">
    <ele>23</ele>
    <time>2018-04-23T11:16:27Z</time>
  </trkpt>
  <trkpt lat="48.463595" lon="-5.093912">
    <ele>23</ele>
    <time>2018-04-23T11:16:31Z</time>
  </trkpt>
  <trkpt lat="48.463549" lon="-5.093926">
    <ele>23</ele>
    <time>2018-04-23T11:16:35Z</time>
  </trkpt>
  <trkpt lat="48.463455" lon="-5.093949">
    <ele>22</ele>
    <time>2018-04-23T11:16:43Z</time>
  </trkpt>
  <trkpt lat="48.463366" lon="-5.093999">
    <ele>23</ele>
    <time>2018-04-23T11:16:51Z</time>
  </trkpt>
  <trkpt lat="48.463284" lon="-5.094085">
    <ele>22</ele>
    <time>2018-04-23T11:16:59Z</time>
  </trkpt>
  <trkpt lat="48.463167" lon="-5.094211">
    <ele>23</ele>
    <time>2018-04-23T11:17:11Z</time>
  </trkpt>
  <trkpt lat="48.463122" lon="-5.094221">
    <ele>23</ele>
    <time>2018-04-23T11:17:15Z</time>
  </trkpt>
  <trkpt lat="48.463020" lon="-5.094194">
    <ele>23</ele>
    <time>2018-04-23T11:17:24Z</time>
  </trkpt>
  <trkpt lat="48.462885" lon="-5.094107">
    <ele>23</ele>
    <time>2018-04-23T11:17:36Z</time>
  </trkpt>
  <trkpt lat="48.462773" lon="-5.094073">
    <ele>24</ele>
    <time>2018-04-23T11:17:46Z</time>
  </trkpt>
  <trkpt lat="48.462733" lon="-5.094042">
    <ele>24</ele>
    <time>2018-04-23T11:17:49Z</time>
  </trkpt>
  <trkpt lat="48.462684" lon="-5.094052">
    <ele>24</ele>
    <time>2018-04-23T11:17:54Z</time>
  </trkpt>
  <trkpt lat="48.462591" lon="-5.094010">
    <ele>24</ele>
    <time>2018-04-23T11:18:03Z</time>
  </trkpt>
  <trkpt lat="48.462500" lon="-5.094040">
    <ele>25</ele>
    <time>2018-04-23T11:18:12Z</time>
  </trkpt>
  <trkpt lat="48.462404" lon="-5.093953">
    <ele>25</ele>
    <time>2018-04-23T11:18:20Z</time>
  </trkpt>
  <trkpt lat="48.462310" lon="-5.093925">
    <ele>24</ele>
    <time>2018-04-23T11:18:28Z</time>
  </trkpt>
  <trkpt lat="48.462093" lon="-5.093893">
    <ele>25</ele>
    <time>2018-04-23T11:18:47Z</time>
  </trkpt>
  <trkpt lat="48.461888" lon="-5.093849">
    <ele>24</ele>
    <time>2018-04-23T11:19:06Z</time>
  </trkpt>
  <trkpt lat="48.461821" lon="-5.093854">
    <ele>24</ele>
    <time>2018-04-23T11:19:13Z</time>
  </trkpt>
  <trkpt lat="48.461720" lon="-5.093804">
    <ele>24</ele>
    <time>2018-04-23T11:19:22Z</time>
  </trkpt>
  <trkpt lat="48.461685" lon="-5.093847">
    <ele>24</ele>
    <time>2018-04-23T11:19:27Z</time>
  </trkpt>
  <trkpt lat="48.461623" lon="-5.093829">
    <ele>23</ele>
    <time>2018-04-23T11:19:32Z</time>
  </trkpt>
  <trkpt lat="48.461532" lon="-5.093825">
    <ele>23</ele>
    <time>2018-04-23T11:19:39Z</time>
  </trkpt>
  <trkpt lat="48.461487" lon="-5.093838">
    <ele>24</ele>
    <time>2018-04-23T11:19:43Z</time>
  </trkpt>
  <trkpt lat="48.461384" lon="-5.093838">
    <ele>23</ele>
    <time>2018-04-23T11:19:52Z</time>
  </trkpt>
  <trkpt lat="48.461289" lon="-5.093816">
    <ele>23</ele>
    <time>2018-04-23T11:20:00Z</time>
  </trkpt>
  <trkpt lat="48.461178" lon="-5.093821">
    <ele>22</ele>
    <time>2018-04-23T11:20:08Z</time>
  </trkpt>
  <trkpt lat="48.461091" lon="-5.093829">
    <ele>22</ele>
    <time>2018-04-23T11:20:24Z</time>
  </trkpt>
  <trkpt lat="48.460992" lon="-5.093873">
    <ele>22</ele>
    <time>2018-04-23T11:20:34Z</time>
  </trkpt>
  <trkpt lat="48.460938" lon="-5.093882">
    <ele>22</ele>
    <time>2018-04-23T11:20:38Z</time>
  </trkpt>
  <trkpt lat="48.460882" lon="-5.093884">
    <ele>22</ele>
    <time>2018-04-23T11:20:42Z</time>
  </trkpt>
  <trkpt lat="48.460783" lon="-5.093938">
    <ele>22</ele>
    <time>2018-04-23T11:20:50Z</time>
  </trkpt>
  <trkpt lat="48.460670" lon="-5.094066">
    <ele>22</ele>
    <time>2018-04-23T11:21:03Z</time>
  </trkpt>
  <trkpt lat="48.460619" lon="-5.094083">
    <ele>22</ele>
    <time>2018-04-23T11:21:08Z</time>
  </trkpt>
  <trkpt lat="48.460568" lon="-5.094066">
    <ele>23</ele>
    <time>2018-04-23T11:21:12Z</time>
  </trkpt>
  <trkpt lat="48.460518" lon="-5.094096">
    <ele>23</ele>
    <time>2018-04-23T11:21:17Z</time>
  </trkpt>
  <trkpt lat="48.460396" lon="-5.094224">
    <ele>23</ele>
    <time>2018-04-23T11:21:31Z</time>
  </trkpt>
  <trkpt lat="48.460336" lon="-5.094339">
    <ele>24</ele>
    <time>2018-04-23T11:21:39Z</time>
  </trkpt>
  <trkpt lat="48.460296" lon="-5.094382">
    <ele>24</ele>
    <time>2018-04-23T11:21:44Z</time>
  </trkpt>
  <trkpt lat="48.460261" lon="-5.094435">
    <ele>24</ele>
    <time>2018-04-23T11:21:48Z</time>
  </trkpt>
  <trkpt lat="48.460220" lon="-5.094512">
    <ele>24</ele>
    <time>2018-04-23T11:21:56Z</time>
  </trkpt>
  </trkseg>
</trk>
</gpx>
